transaction_id,created_at,transaction_type,amount,initiator,counterparty,risk_flagged,amount_to_balance_ratio,sender_tx_count_last_5min,is_round_trip,amount_vs_user_avg_ratio
c8a1962f-2c7e-4d87-8f9e-ab77cd6bed87,2026-07-30T08:43:13.462207+00:00,send,483.87,fraud_demo_001,fraud_demo_009,False,0.0048387000000000005,0,0,1.0
6db6cafb-d52d-4f95-a689-2117b78c9daa,2026-07-30T09:17:13.462207+00:00,send,1790.29,fraud_demo_002,fraud_demo_010,False,0.0179029,0,0,1.0
c6d4ecb5-e533-4adb-99ea-9cc2e6830a54,2026-07-30T09:26:13.462207+00:00,send,980.62,fraud_demo_003,fraud_demo_007,False,0.0098062,0,0,1.0
33952aa8-3292-4dd5-97db-fa624d641255,2026-07-30T10:05:13.462207+00:00,send,476.37,fraud_demo_004,fraud_demo_015,False,0.0047637,0,0,1.0
4248420f-1d03-43ae-ba61-affe18b83a71,2026-07-30T10:25:13.462207+00:00,send,1776.54,fraud_demo_005,fraud_demo_014,False,0.0177654,0,0,1.0
38d00635-1164-4eb1-b920-d37dd6357987,2026-07-30T10:36:13.462207+00:00,send,840.17,fraud_demo_006,fraud_demo_016,False,0.0084017,0,0,1.0
b5d53e7a-f638-47b7-8050-aae409c03e64,2026-07-30T11:04:13.462207+00:00,send,1191.98,fraud_demo_007,fraud_demo_012,False,0.011804047152810113,0,0,1.0
70865064-e8cd-41db-a70c-d3abd830c23e,2026-07-30T11:26:13.462207+00:00,send,1720.34,fraud_demo_008,fraud_demo_015,False,0.0172034,0,0,1.0
6a2dbf9c-0408-4fa3-95d6-61d4f57d0c48,2026-07-30T12:02:13.462207+00:00,send,1491.35,fraud_demo_009,fraud_demo_026,False,0.014841685536196008,0,0,1.0
40b3a47a-e85a-47e5-835d-f121bd8279bd,2026-07-30T12:23:13.462207+00:00,send,511.70,fraud_demo_010,fraud_demo_036,False,0.005027002084383491,0,0,1.0
4d910df5-41ff-4a06-8bc2-d4d1b95114f4,2026-07-30T12:38:13.462207+00:00,send,1755.49,fraud_demo_011,fraud_demo_038,False,0.017554900000000002,0,0,1.0
887866d8-94db-4668-9f45-18e86fefd4db,2026-07-30T13:14:13.462207+00:00,send,1568.45,fraud_demo_012,fraud_demo_016,False,0.015499746126125806,0,0,1.0
5afb8f99-b2aa-490c-9765-fb42107e660b,2026-07-30T13:32:13.462207+00:00,send,548.02,fraud_demo_013,fraud_demo_025,False,0.0054802,0,0,1.0
9be98bec-f4eb-4ee4-b752-4993bd41d528,2026-07-30T13:55:13.462207+00:00,send,1016.61,fraud_demo_014,fraud_demo_005,False,0.009988647678531812,0,0,1.0
1386819b-1655-4493-b22c-3c6fade69caf,2026-07-30T14:29:13.462207+00:00,send,855.10,fraud_demo_015,fraud_demo_011,False,0.008367196947925232,0,0,1.0
5e6ea613-a385-4e11-883e-d5dde7c9c217,2026-07-30T14:37:13.462207+00:00,send,2720.17,fraud_demo_016,fraud_demo_015,False,0.026561924181772983,0,0,1.0
68471b4c-9faa-419b-bf57-d3a756333ad5,2026-07-30T15:18:13.462207+00:00,send,812.52,fraud_demo_017,fraud_demo_015,False,0.008125199999999999,0,0,1.0
3ee5ce69-8ab7-450c-8a64-cb95ddc3d16d,2026-07-30T15:38:13.462207+00:00,send,522.45,fraud_demo_018,fraud_demo_022,False,0.005224500000000001,0,0,1.0
fa8b0c0f-a5ea-4b85-a57d-735b7f254f23,2026-07-30T16:05:13.462207+00:00,send,668.83,fraud_demo_019,fraud_demo_010,False,0.0066883,0,0,1.0
5f787888-cb0c-4179-9e8b-67dde20e330f,2026-07-30T16:30:13.462207+00:00,send,523.80,fraud_demo_020,fraud_demo_036,False,0.005238,0,0,1.0
e4d47b06-9fc9-4172-af20-c3aab01fcf3d,2026-07-30T16:37:13.462207+00:00,send,457.71,fraud_demo_021,fraud_demo_027,False,0.0045771,0,0,1.0
13435364-853a-41e3-b6a4-37fbd1a10dd4,2026-07-30T17:13:13.462207+00:00,send,607.93,fraud_demo_022,fraud_demo_008,False,0.00604770377164504,0,0,1.0
f58aad67-0005-49a3-acc2-aaf4cd22d0c1,2026-07-30T17:38:13.462207+00:00,send,461.29,fraud_demo_023,fraud_demo_040,False,0.0046129000000000005,0,0,1.0
45c03e17-7565-4cbb-ac14-29a6e8cda7b8,2026-07-30T17:48:13.462207+00:00,send,531.13,fraud_demo_024,fraud_demo_035,False,0.0053113,0,0,1.0
1d927579-41a1-4598-b241-bdf3c877e403,2026-07-30T18:20:13.462207+00:00,send,1300.21,fraud_demo_025,fraud_demo_008,False,0.012931234250062805,0,0,1.0
62e77489-512c-4f47-8f64-ec077d6bcfbe,2026-07-30T18:50:13.462207+00:00,send,469.45,fraud_demo_026,fraud_demo_022,False,0.004625517347044846,0,0,1.0
595d4ab3-7fe6-4a2f-9425-aad6797a81d5,2026-07-30T19:05:13.462207+00:00,send,574.20,fraud_demo_027,fraud_demo_001,False,0.0057158380377175634,0,0,1.0
62d7e3a3-ca6a-4d88-bf4f-f23a2a733450,2026-07-30T19:30:13.462207+00:00,send,530.21,fraud_demo_028,fraud_demo_034,False,0.0053021000000000006,0,0,1.0
2f93d6c5-9c0c-4943-910e-a5da6bc768b1,2026-07-30T20:04:13.462207+00:00,send,779.08,fraud_demo_029,fraud_demo_010,False,0.0077908000000000005,0,0,1.0
c51e14bf-6ac8-4777-8098-23fb55069e68,2026-07-30T20:15:13.462207+00:00,send,1077.67,fraud_demo_030,fraud_demo_001,False,0.0107767,0,0,1.0
6ad76ec0-048d-48cc-bce3-293086d508f4,2026-07-30T20:54:13.462207+00:00,send,740.42,fraud_demo_031,fraud_demo_024,False,0.0074042,0,0,1.0
f6eed20b-a7fc-4d4b-9cb4-e3f53a958afc,2026-07-30T21:02:13.462207+00:00,send,419.64,fraud_demo_032,fraud_demo_006,False,0.0041963999999999994,0,0,1.0
396084a2-a037-4c8b-ad75-9757885907b1,2026-07-30T21:39:13.462207+00:00,send,1197.24,fraud_demo_033,fraud_demo_036,False,0.0119724,0,0,1.0
2f14152c-0e5a-4940-a1e2-70dee2d900a8,2026-07-30T22:01:13.462207+00:00,send,459.92,fraud_demo_034,fraud_demo_037,False,0.004574943193692721,0,0,1.0
e1d5cf18-4ec3-4018-b602-2684ae275df2,2026-07-30T22:24:13.462207+00:00,send,1675.89,fraud_demo_035,fraud_demo_014,False,0.016670358723710754,0,0,1.0
4cd5bf21-4574-46df-94a7-b9dfda9717cd,2026-07-30T22:39:13.462207+00:00,send,795.47,fraud_demo_036,fraud_demo_024,False,0.007780971144860247,0,0,1.0
4645021c-d185-4688-b1c1-71b47c67b9f2,2026-07-30T23:18:13.462207+00:00,send,606.41,fraud_demo_037,fraud_demo_016,False,0.006036337675761637,0,0,1.0
a8268aeb-562e-49a3-94a1-3c67cbb1acd6,2026-07-30T23:26:13.462207+00:00,send,647.71,fraud_demo_038,fraud_demo_036,False,0.006365356797947708,0,0,1.0
2fbf345e-44bd-41ea-a1d3-ec89232d4c84,2026-07-30T23:54:13.462207+00:00,send,425.48,fraud_demo_039,fraud_demo_004,False,0.0042548,0,0,1.0
cfc726e9-af37-40f1-89a3-0d59b6c6b657,2026-07-31T00:27:13.462207+00:00,send,1019.55,fraud_demo_040,fraud_demo_035,False,0.010148685130362153,0,0,1.0
d0a95418-370e-41d6-91f8-156c4811a87e,2026-07-31T00:49:13.462207+00:00,send,649.72,fraud_demo_001,fraud_demo_028,False,0.0064221888344140445,0,0,1.3427573521813712
36a6ec49-524a-4c99-b705-e7f3cd41bde8,2026-07-31T01:01:13.462207+00:00,send,784.24,fraud_demo_002,fraud_demo_024,False,0.007985361121624329,0,0,0.4380519357199113
486120e2-7847-438f-9b2e-5ef8efb4ad29,2026-07-31T01:30:13.462207+00:00,send,1234.49,fraud_demo_003,fraud_demo_008,False,0.01246715541947445,0,0,1.2588872346066775
286378f4-04dd-459c-90db-6e0e18643f82,2026-07-31T01:53:13.462207+00:00,send,934.32,fraud_demo_004,fraud_demo_014,False,0.009347957175406565,0,0,1.961332577618238
bf7f1616-760f-472e-bdb1-5a48cf974068,2026-07-31T02:14:13.462207+00:00,send,677.94,fraud_demo_005,fraud_demo_019,False,0.006831313198388514,0,0,0.3816069438346449
b7f33b61-7c1c-4936-8b4d-d9110f8ba585,2026-07-31T02:53:13.462207+00:00,send,301.67,fraud_demo_006,fraud_demo_030,False,0.00302943970278211,0,0,0.3590582858231073
df490daf-9044-4d45-8027-8f37d4e2cd09,2026-07-31T03:15:13.462207+00:00,send,1332.27,fraud_demo_007,fraud_demo_001,False,0.013350918501344441,0,0,1.1176949277672443
3fa622f0-a60f-488b-b42a-11335de1096a,2026-07-31T03:25:13.462207+00:00,send,571.96,fraud_demo_008,fraud_demo_032,False,0.005639391498653797,0,0,0.332469163072416
ff367138-c2f4-4417-a1af-32353ad17dd9,2026-07-31T04:02:13.462207+00:00,send,321.83,fraud_demo_009,fraud_demo_012,False,0.0032510537159777327,0,0,0.21579776712374693
1009e14a-d65b-48c3-bd77-ff6cd2e28127,2026-07-31T04:29:13.462207+00:00,send,163.69,fraud_demo_010,fraud_demo_020,False,0.0015934544640380038,0,0,0.31989446941567323
3662e9af-1dab-4bf5-bae7-dcf96cc5b827,2026-07-31T04:37:13.462207+00:00,send,565.03,fraud_demo_011,fraud_demo_033,False,0.005701636969106134,0,0,0.3218645506382833
f3685a9a-8a20-4111-b687-cad5aafc77cb,2026-07-31T05:10:13.462207+00:00,send,1137.82,fraud_demo_012,fraud_demo_039,False,0.011384420447332422,0,0,0.7254423156619592
14efb9e2-3dbb-495c-b1b1-6c1e8126fe05,2026-07-31T05:40:13.462207+00:00,send,398.91,fraud_demo_013,fraud_demo_004,False,0.0040110815289952,0,0,0.7279113900952521
101fce6a-bcbd-4d82-9944-72c126e3d4fd,2026-07-31T05:53:13.462207+00:00,send,383.94,fraud_demo_014,fraud_demo_011,False,0.0037142254039706246,0,0,0.37766695192846816
984b9759-474c-44bd-b006-7c992e93dd9c,2026-07-31T06:19:13.462207+00:00,send,1183.33,fraud_demo_015,fraud_demo_005,False,0.011283317266479968,0,0,1.3838498421237282
b8c93b8b-7b5e-47dc-a40a-2d7ff05d4e4a,2026-07-31T06:38:13.462207+00:00,send,497.43,fraud_demo_016,fraud_demo_027,False,0.004959675899642315,0,0,0.182867247267634
bd6ee588-217e-414c-9cf4-56fa2426e71d,2026-07-31T07:10:13.462207+00:00,send,1263.36,fraud_demo_017,fraud_demo_028,False,0.012737091415166511,0,0,1.5548663417515876
2297a2d5-eae2-405e-ba16-0e13e2b6cdd4,2026-07-31T07:31:13.462207+00:00,send,335.89,fraud_demo_018,fraud_demo_017,False,0.003376540737080879,0,0,0.6429131974351612
3a6e7e46-7079-4018-90ce-fd6cd90b8071,2026-07-31T07:57:13.462207+00:00,send,665.47,fraud_demo_019,fraud_demo_017,False,0.006654093812053722,0,0,0.9949763019003334
04473e54-ddfe-453f-8d54-5e62504c5d4b,2026-07-31T08:14:13.462207+00:00,send,446.31,fraud_demo_020,fraud_demo_031,False,0.004479230155713741,0,0,0.8520618556701032
7ddefc82-2e40-4c61-a8b4-7ae8bfa79127,2026-07-31T08:47:13.462207+00:00,send,621.21,fraud_demo_021,fraud_demo_001,False,0.00624066414385283,0,0,1.3572130825194995
67b1026b-1ce5-49a2-9cce-911949bd77ad,2026-07-31T09:05:13.462207+00:00,send,1583.83,fraud_demo_022,fraud_demo_005,False,0.015777718295062446,0,0,2.605283503034889
d0571336-0d33-47fd-af72-551af3efe441,2026-07-31T09:40:13.462207+00:00,send,2597.24,fraud_demo_023,fraud_demo_030,False,0.026092763307862837,0,0,5.630384356912137
cccc6844-23e7-41bd-93a0-08ff8879c455,2026-07-31T09:51:13.462207+00:00,send,1281.27,fraud_demo_024,fraud_demo_001,False,0.01258750945583511,0,0,2.41234725961629
fdbe926f-b37d-4ecc-8701-8730c2cca19a,2026-07-31T10:21:13.462207+00:00,send,1177.12,fraud_demo_025,fraud_demo_009,False,0.011860412839336202,0,0,0.9053306773521199
2a8e3bcf-2b83-4d46-8342-0164abcb5e48,2026-07-31T10:44:13.462207+00:00,send,592.59,fraud_demo_026,fraud_demo_040,False,0.00586595579770327,0,0,1.2623069549472787
8a151470-f522-428b-84a9-9cacacdf856d,2026-07-31T11:01:13.462207+00:00,send,800.87,fraud_demo_027,fraud_demo_034,False,0.007978307435654617,0,0,1.3947579240682688
ebb9e1f2-a0e1-4c00-be7e-56168a6b0edd,2026-07-31T11:25:13.462207+00:00,send,1886.47,fraud_demo_028,fraud_demo_006,False,0.018607384067939683,0,0,3.5579675977442897
635b7dc4-43f9-4e03-8d56-9be96e95c486,2026-07-31T11:56:13.462207+00:00,send,749.43,fraud_demo_029,fraud_demo_001,False,0.007553145042396301,0,0,0.9619422909072238
4f6274fa-e663-4555-a760-0cdbed1763c7,2026-07-31T12:25:13.462207+00:00,send,1491.74,fraud_demo_030,fraud_demo_011,False,0.014650577816573437,0,0,1.3842270825020646
ad10fdec-5a72-4ab3-aa80-d747dacc1252,2026-07-31T12:54:13.462207+00:00,send,1164.52,fraud_demo_031,fraud_demo_037,False,0.011679550726642127,0,0,1.5727830150455149
18d51208-bb7a-453c-b594-7700597e64d0,2026-07-31T13:09:13.462207+00:00,send,613.67,fraud_demo_032,fraud_demo_037,False,0.006127366794898011,0,0,1.4623725097702793
91856a7b-146d-4046-a73f-10c12f199265,2026-07-31T13:27:13.462207+00:00,send,623.59,fraud_demo_033,fraud_demo_024,False,0.006275574811515886,0,0,0.520856302829842
a97a2186-965d-40fa-99ea-515ddbadbbe0,2026-07-31T13:52:13.462207+00:00,send,711.33,fraud_demo_034,fraud_demo_023,False,0.007051866955827613,0,0,1.5466385458340581
ed67b224-e5c2-474b-8305-aacec90b6685,2026-07-31T14:15:13.462207+00:00,send,1339.30,fraud_demo_035,fraud_demo_016,False,0.013409790398558033,0,0,0.7991574626019606
fcbbe8b5-7453-4e4c-8790-1e115dc1dc2d,2026-07-31T14:50:13.462207+00:00,send,215.32,fraud_demo_036,fraud_demo_025,False,0.002109223119796859,0,0,0.27068274102103157
3f71ddf4-58d4-4891-af91-2135e6beea02,2026-07-31T15:07:13.462207+00:00,send,365.71,fraud_demo_037,fraud_demo_023,False,0.003598385149515358,0,0,0.6030738279381936
de9d39a1-75c5-4d73-af90-46265a41e1cd,2026-07-31T15:32:13.462207+00:00,send,271.90,fraud_demo_038,fraud_demo_015,False,0.0026892094752748005,0,0,0.41978663290670204
d81063e7-461f-4b98-959e-b9ae7cfe645d,2026-07-31T16:05:13.462207+00:00,send,1121.44,fraud_demo_039,fraud_demo_023,False,0.011135080368503004,0,0,2.6357055560778413
505aff62-77d5-430c-bc1d-e37114d986f3,2026-07-31T16:15:13.462207+00:00,send,1626.43,fraud_demo_040,fraud_demo_022,False,0.01625871838197947,0,0,1.595242999362464
c93b372d-52ac-4ee4-8e73-6b56c2b8e73a,2026-07-31T16:46:13.462207+00:00,send,715.19,fraud_demo_001,fraud_demo_040,False,0.0068437623382262966,0,0,1.2618142361876867
6817e2a4-7976-4baf-a3a0-cf6d0ec5a5b1,2026-07-31T17:12:13.462207+00:00,send,1102.25,fraud_demo_002,fraud_demo_029,False,0.01131377657197856,0,0,0.856272795422854
1385804d-60d7-4a48-8383-c5eddf082a53,2026-07-31T17:41:13.462207+00:00,send,791.82,fraud_demo_003,fraud_demo_038,False,0.00809757008470327,0,0,0.7149261210504219
849f372e-b384-47db-86a9-851dbf4e84be,2026-07-31T17:58:13.462207+00:00,send,782.31,fraud_demo_004,fraud_demo_014,False,0.007869237338515717,0,0,1.1091168151755522
1e17cc24-be42-422d-a972-87e0c167d576,2026-07-31T18:21:13.462207+00:00,send,1070.75,fraud_demo_005,fraud_demo_022,False,0.010567033480645131,0,0,0.8724862292624099
cb2f5c0c-c9c3-4b45-b4a8-16714b74dcf8,2026-07-31T18:48:13.462207+00:00,send,662.38,fraud_demo_006,fraud_demo_034,False,0.00654756862279538,0,0,1.1601975758424998
3c731ade-18bf-44e4-848b-8e804eccff8d,2026-07-31T19:12:13.462207+00:00,send,956.74,fraud_demo_007,fraud_demo_020,False,0.00971740071262022,0,0,0.7580390214915321
9e09adf0-4592-4c46-a630-b9c95f628fba,2026-07-31T19:41:13.462207+00:00,send,1049.34,fraud_demo_008,fraud_demo_013,False,0.010404923811354905,0,0,0.9155346158879726
522fd778-f2a6-4150-9efa-3cad1f01bf46,2026-07-31T20:06:13.462207+00:00,send,710.31,fraud_demo_009,fraud_demo_001,False,0.0071139266850219355,0,0,0.7834963985925281
b6512fe5-45c5-4c41-8cf2-64695ea7527b,2026-07-31T20:26:13.462207+00:00,send,1179.49,fraud_demo_010,fraud_demo_040,False,0.01150017243092306,0,0,3.4927671419476156
8249750d-f0af-4f6b-9610-b80e97895a5a,2026-07-31T20:41:13.462207+00:00,send,944.93,fraud_demo_011,fraud_demo_015,False,0.009410691696246976,0,0,0.8144122869012118
9f683c25-689d-466c-b02d-af911a2a36d0,2026-07-31T21:10:13.462207+00:00,send,489.36,fraud_demo_012,fraud_demo_006,False,0.004952658471205741,0,0,0.3616490594064894
5db9737c-f825-4c53-a0b0-26ac622d0cdf,2026-07-31T21:33:13.462207+00:00,send,3002.73,fraud_demo_013,fraud_demo_006,False,0.029996580501908,0,0,6.342031617965425
65cf46b5-d921-433f-b5d8-29cc735faee0,2026-07-31T21:49:13.462207+00:00,send,1260.47,fraud_demo_014,fraud_demo_016,False,0.012146941302327654,0,0,1.799964299739388
d84d2ace-3f08-43b9-a7eb-650326730087,2026-07-31T22:30:13.462207+00:00,send,1429.65,fraud_demo_015,fraud_demo_017,False,0.013627680687232031,0,0,1.4026971738053309
431f284f-422b-4c01-a987-9cfb05ca6ffb,2026-07-31T22:48:13.462207+00:00,send,1254.43,fraud_demo_016,fraud_demo_013,False,0.012250627946857922,0,0,0.77973023371457
14918522-92f8-4d08-bf7c-70a30b2566ec,2026-07-31T23:03:13.462207+00:00,send,309.66,fraud_demo_017,fraud_demo_016,False,0.0030856419597084877,0,0,0.29834094456326954
a880b846-808b-426e-aa8a-307a36cd4b39,2026-07-31T23:40:13.462207+00:00,send,231.77,fraud_demo_018,fraud_demo_029,False,0.0023377659805171713,0,0,0.5400424074376121
edcd4279-1d83-4fe2-80da-9c5d7b22d3e9,2026-07-31T23:51:13.462207+00:00,send,510.18,fraud_demo_019,fraud_demo_031,False,0.0051355074164788,0,0,0.7647155812036273
f9c9d7d7-0930-458b-a109-f7840d73f045,2026-08-01T00:28:13.462207+00:00,send,470.49,fraud_demo_020,fraud_demo_031,False,0.0046978382096033245,0,0,0.9699724773479297
e2ac9938-bbe2-47a0-9864-36d0d378cc02,2026-08-01T00:50:13.462207+00:00,send,5446.29,fraud_demo_021,fraud_demo_037,False,0.05505692012258662,0,0,10.095818040262484
315080cd-a04e-4224-b68e-18f58e8345d0,2026-08-01T01:14:13.462207+00:00,send,427.48,fraud_demo_022,fraud_demo_034,False,0.004211736822213631,0,0,0.3900792057524547
455e0fa8-4651-478e-bf2b-c0a5119eadf3,2026-08-01T01:32:13.462207+00:00,send,1390.80,fraud_demo_023,fraud_demo_011,False,0.014028653433857893,0,0,0.9094565036144815
af0f7256-fc82-4b9a-b63d-a1e96b47e0bf,2026-08-01T02:04:13.462207+00:00,send,1399.30,fraud_demo_024,fraud_demo_016,False,0.01383646530075945,0,0,1.5441403663650406
1bf885fb-736a-4527-8eef-4c86062555ec,2026-08-01T02:14:13.462207+00:00,send,1058.77,fraud_demo_025,fraud_demo_033,False,0.010772336775091387,0,0,0.854767027404504
cc68a28a-70f4-4136-8157-4f5685e02413,2026-08-01T02:53:13.462207+00:00,send,615.73,fraud_demo_026,fraud_demo_019,False,0.0061309790936530375,0,0,1.1595231818010623
edb5ccae-d872-46fd-86e0-e791944fd9a8,2026-08-01T03:04:13.462207+00:00,send,576.02,fraud_demo_027,fraud_demo_006,False,0.005784490812267957,0,0,0.8378046208556654
0dedf75f-efea-4f97-9e20-ec8d16ba9b17,2026-08-01T03:41:13.462207+00:00,send,448.51,fraud_demo_028,fraud_demo_014,False,0.004507801287282756,0,0,0.37117864177301085
9ed0f960-302c-4dd5-9060-331cca11e27b,2026-08-01T04:01:13.462207+00:00,send,812.25,fraud_demo_029,fraud_demo_031,False,0.008138328234583441,0,0,1.0627997199887471
cb744faa-4136-430f-a34a-eb9793568889,2026-08-01T04:12:13.462207+00:00,send,2249.36,fraud_demo_030,fraud_demo_025,False,0.022419726999536527,0,0,1.750876660400637
a41a5b36-510c-4a38-9b0e-c2155d47818d,2026-08-01T04:49:13.462207+00:00,send,509.09,fraud_demo_031,fraud_demo_038,False,0.0050739383315514565,0,0,0.5344945247619347
f1761355-a3fd-46d8-a8cf-d4bdc3e53fb4,2026-08-01T05:07:13.462207+00:00,send,1502.01,fraud_demo_032,fraud_demo_036,False,0.015089716406642043,0,0,2.9071817750723405
b2fe3c02-a700-4340-9f7b-4204eeddc20e,2026-08-01T05:24:13.462207+00:00,send,561.57,fraud_demo_033,fraud_demo_032,False,0.005626786457356931,0,0,0.6168285891598887
c8f02361-1cf0-4603-bfc4-bf748e035837,2026-08-01T06:00:13.462207+00:00,send,554.52,fraud_demo_034,fraud_demo_025,False,0.0054767575090847185,0,0,0.9468858057630736
d68b61aa-993d-4b74-99f1-02ac600e8d98,2026-08-01T06:12:13.462207+00:00,send,2300.35,fraud_demo_035,fraud_demo_011,False,0.023345395653890794,0,0,1.5258408259512666
9c3a7395-c0c6-435b-8c88-2a2525bb3cc2,2026-08-01T06:50:13.462207+00:00,send,1049.26,fraud_demo_036,fraud_demo_006,False,0.010150363247493245,0,0,2.076118679448748
c87c2b9f-cea5-47d6-accb-3406aa46faa5,2026-08-01T07:06:13.462207+00:00,send,453.32,fraud_demo_037,fraud_demo_012,False,0.00424805842401643,0,0,0.9326420606509486
1b72f1bd-3351-4c5b-8c73-a76791ba811c,2026-08-01T07:36:13.462207+00:00,send,452.94,fraud_demo_038,fraud_demo_030,False,0.004434641033852738,0,0,0.9850697578321245
ba17c128-0b9c-4971-9132-5a2defd52dea,2026-08-01T07:56:13.462207+00:00,send,3694.97,fraud_demo_039,fraud_demo_018,False,0.037101482163531,0,0,4.777195976521087
2ba3d320-b890-417a-9fe9-026029de663f,2026-08-01T08:13:13.462207+00:00,send,803.01,fraud_demo_040,fraud_demo_006,False,0.008005875820940997,0,0,0.6069660390479141
257b6a40-a0f7-4cf3-ae2b-24727408701b,2026-08-01T08:37:13.462207+00:00,send,679.00,fraud_demo_001,fraud_demo_024,False,0.00649775812990119,0,0,1.1018076785772237
2ce94c70-27d8-4ab3-8741-9257662017a1,2026-08-01T09:18:13.462207+00:00,send,308.91,fraud_demo_002,fraud_demo_003,False,0.003207014881769941,0,0,0.25204934752691216
f7a49267-b18c-4202-93f6-7a685c37953b,2026-08-01T09:35:13.462207+00:00,send,858.89,fraud_demo_003,fraud_demo_015,False,0.008827055728978999,0,0,0.8569105366603146
78b47a0a-88a2-49af-ba35-a577379c09e7,2026-08-01T09:53:13.462207+00:00,send,2269.21,fraud_demo_004,fraud_demo_012,False,0.023006975771100863,0,0,3.104254445964432
938134d7-4dbe-44b4-9af6-11e8f6b40537,2026-08-01T10:24:13.462207+00:00,send,518.07,fraud_demo_005,fraud_demo_021,False,0.005167340358237812,0,0,0.44088187153746006
ad2b6b51-197e-4ced-aec2-f8b33ccc1e98,2026-08-01T10:43:13.462207+00:00,send,1499.50,fraud_demo_006,fraud_demo_027,False,0.014090095992126461,0,0,2.4933212135992284
e87d22a9-ea9e-4b94-9472-6a59d5d33ea9,2026-08-01T11:03:13.462207+00:00,send,1171.92,fraud_demo_007,fraud_demo_008,False,0.012019737921056728,0,0,1.0099885377435731
40f3f9bc-ae3c-4b89-b0d6-b1da69756f05,2026-08-01T11:37:13.462207+00:00,send,1350.89,fraud_demo_008,fraud_demo_038,False,0.013378736930529189,0,0,1.2127787553416887
0e8cd517-5581-468e-bc10-bf3b7aba2a4d,2026-08-01T12:03:13.462207+00:00,send,406.31,fraud_demo_009,fraud_demo_025,False,0.004098449123691843,0,0,0.4830334180044304
5d2a9e0e-cb31-40ce-a614-bc2444fc0ba3,2026-08-01T12:26:13.462207+00:00,send,813.75,fraud_demo_010,fraud_demo_007,False,0.008026468259275787,0,0,1.3161228758733716
a1d8a0e2-823d-4d98-af47-bab9a4422843,2026-08-01T12:44:13.462207+00:00,send,714.33,fraud_demo_011,fraud_demo_010,False,0.00692472251864352,0,0,0.6562617709657168
092a8bf8-246c-4052-b910-66c07101256e,2026-08-01T13:18:13.462207+00:00,send,1457.17,fraud_demo_012,fraud_demo_036,False,0.014421612833084803,0,0,1.3679650022061378
9c794633-1283-4dc8-8753-acc9326c569f,2026-08-01T13:26:13.462207+00:00,send,718.94,fraud_demo_013,fraud_demo_019,False,0.0073097097823365,0,0,0.5460773838760805
166b1367-1326-436a-b3a0-59825a90802d,2026-08-01T14:02:13.462207+00:00,send,1445.51,fraud_demo_014,fraud_demo_019,False,0.014040000369087738,0,0,1.6296495328858858
18497751-ee8d-4964-afcd-5652f814a5fe,2026-08-01T14:12:13.462207+00:00,send,1061.71,fraud_demo_015,fraud_demo_038,False,0.010175772669034891,0,0,0.9184130700560541
59590748-6661-430a-891c-be3b9c3bcc76,2026-08-01T14:42:13.462207+00:00,send,1345.79,fraud_demo_016,fraud_demo_033,False,0.01308475802983576,0,0,0.9028047665154304
48177ee4-f768-4c3d-b552-e638f39e2b18,2026-08-01T15:08:13.462207+00:00,send,1374.72,fraud_demo_017,fraud_demo_024,False,0.013740951989130544,0,0,1.7288161171055612
3cdef9cd-0f15-479c-bb82-680cccea6b91,2026-08-01T15:39:13.462207+00:00,send,858.71,fraud_demo_018,fraud_demo_037,False,0.008369096746489396,0,0,2.3631835319371435
9b8ca206-ec6e-4cb7-b75f-ccd08a7682b7,2026-08-01T15:57:13.462207+00:00,send,854.27,fraud_demo_019,fraud_demo_033,False,0.008407040629584769,0,0,1.3894485166551005
00ad6803-73d6-4414-bebc-2c74acb698c2,2026-08-01T16:30:13.462207+00:00,send,796.95,fraud_demo_020,fraud_demo_015,False,0.007995097904962318,0,0,1.6596209912536444
1a0dd920-0a71-4e7e-b776-fd8168c1777b,2026-08-01T16:49:13.462207+00:00,send,850.83,fraud_demo_021,fraud_demo_025,False,0.009052070550890782,0,0,0.3911736174008193
f8c36b0e-d013-4730-b63c-212e0b802bd1,2026-08-01T17:08:13.462207+00:00,send,524.63,fraud_demo_022,fraud_demo_037,False,0.005190767097286391,0,0,0.600895679662803
40625284-3ebd-45e3-91f4-984865485eed,2026-08-01T17:30:13.462207+00:00,send,687.63,fraud_demo_023,fraud_demo_020,False,0.007034639175890531,0,0,0.463640593078059
3c5e8c3d-daac-4e5f-a701-7aeef6e3eef1,2026-08-01T17:53:13.462207+00:00,send,414.30,fraud_demo_024,fraud_demo_021,False,0.00407031476118364,0,0,0.3869913130118006
75d5895a-3d28-4e86-913b-da2a4df7d3ff,2026-08-01T18:30:13.462207+00:00,send,534.42,fraud_demo_025,fraud_demo_013,False,0.005276228459250854,0,0,0.45339781114787475
6620efe8-47f7-4173-adb8-df916a1a0003,2026-08-01T18:47:13.462207+00:00,send,1402.43,fraud_demo_026,fraud_demo_035,False,0.014050492928918088,0,0,2.507667916341334
ecfce970-a9ba-4696-bcdb-784d2283fb54,2026-08-01T19:04:13.462207+00:00,send,473.91,fraud_demo_027,fraud_demo_012,False,0.004715355825739489,0,0,0.7286849914663086
d1615f7f-1595-4ea3-873f-7216bd6e422e,2026-08-01T19:27:13.462207+00:00,send,1519.63,fraud_demo_028,fraud_demo_018,False,0.015342376298980222,0,0,1.5911300821236987
ca4724c9-2a90-4162-a18f-36e528b450a0,2026-08-01T20:02:13.462207+00:00,send,1024.24,fraud_demo_029,fraud_demo_001,False,0.010346562988227682,0,0,1.312701857516362
022563bc-91da-4493-ac05-24a0c3a3f40f,2026-08-01T20:14:13.462207+00:00,send,1991.87,fraud_demo_030,fraud_demo_022,False,0.0202152414194299,0,0,1.2400695613195896
27cee8ed-5e02-4684-9e88-42fa332302f4,2026-08-01T20:37:13.462207+00:00,send,881.47,fraud_demo_031,fraud_demo_026,False,0.008830135076113046,0,0,1.0954337767136284
a82ca97e-9baa-40e3-b6af-e73f16f2b424,2026-08-01T21:09:13.462207+00:00,send,421.09,fraud_demo_032,fraud_demo_010,False,0.004270767187355631,0,0,0.4982684631525804
2246a831-fc41-47c8-87c7-95630207b019,2026-08-01T21:31:13.462207+00:00,send,1692.21,fraud_demo_033,fraud_demo_006,False,0.016681640820232674,0,0,2.1308890194761587
440a8691-b874-4197-ad7b-56a698558b18,2026-08-01T21:57:13.462207+00:00,send,261.49,fraud_demo_034,fraud_demo_035,False,0.0025968474952671513,0,0,0.4545623113161082
ef911516-3686-4264-8a34-6a3101a907f3,2026-08-01T22:15:13.462207+00:00,send,1202.95,fraud_demo_035,fraud_demo_039,False,0.012287656285974554,0,0,0.6789244366517796
1378576a-94d9-4c07-89de-3f4a9e8df506,2026-08-01T22:38:13.462207+00:00,send,1054.74,fraud_demo_036,fraud_demo_014,False,0.01016327104041084,0,0,1.5359918448581344
f1a1ca6e-1637-4832-b418-a76485c59b4b,2026-08-01T23:05:13.462207+00:00,send,519.12,fraud_demo_037,fraud_demo_011,False,0.004822639427065383,0,0,1.092546862723089
25c7e621-b729-4a67-b843-dc04fa0aaec8,2026-08-01T23:39:13.462207+00:00,send,680.02,fraud_demo_038,fraud_demo_001,False,0.006532595491969225,0,0,1.4863283669083094
1378e48f-c849-43b1-81c9-74178d4ef587,2026-08-01T23:57:13.462207+00:00,send,483.26,fraud_demo_039,fraud_demo_019,False,0.004976988406045466,0,0,0.27657581521168895
09d79f0a-44d2-4dc0-a814-0a93ddd59e7b,2026-08-02T00:20:13.462207+00:00,send,529.63,fraud_demo_040,fraud_demo_030,False,0.00532293757651415,0,0,0.4606826926143596
2b637535-0bce-42d2-8636-6e07de07a927,2026-08-02T00:40:13.462207+00:00,send,768.86,fraud_demo_001,fraud_demo_039,False,0.007286195102406265,0,0,1.216656512829439
2a50c1aa-d896-418c-b96c-e46f089be64a,2026-08-02T01:18:13.462207+00:00,send,569.49,fraud_demo_002,fraud_demo_019,False,0.005931303365092141,0,0,0.5715346652649855
a14fad32-dd5b-4349-a976-2de2b757f441,2026-08-02T01:33:13.462207+00:00,send,805.89,fraud_demo_003,fraud_demo_020,False,0.008356119655643552,0,0,0.8338618973464879
ea2d85bf-6608-4eed-8d63-1383f12ebd89,2026-08-02T02:03:13.462207+00:00,send,2071.76,fraud_demo_004,fraud_demo_027,False,0.021499721156163137,0,0,1.85716046532996
8e013dff-d3c6-48e2-8605-c82e09dabbc8,2026-08-02T02:20:13.462207+00:00,send,816.77,fraud_demo_005,fraud_demo_030,False,0.008188952789173743,0,0,0.808023149407662
02eca905-141a-4d27-8f04-34ca0556d7b4,2026-08-02T02:36:13.462207+00:00,send,1893.55,fraud_demo_006,fraud_demo_002,False,0.017760637388854736,0,0,2.292627704527018
42876ec3-2f05-49e9-b712-ed879ad47855,2026-08-02T03:05:13.462207+00:00,send,1216.45,fraud_demo_007,fraud_demo_019,False,0.012522459514197132,0,0,1.0457541624488762
c4e6b018-1f81-440c-8ad2-e36fc9c3b8d4,2026-08-02T03:32:13.462207+00:00,send,927.12,fraud_demo_008,fraud_demo_032,False,0.009306376240915413,0,0,0.7902943614638586
9db965a9-28c0-4fba-a4c1-741f0484d7ed,2026-08-02T04:03:13.462207+00:00,send,2061.51,fraud_demo_009,fraud_demo_013,False,0.020880027881766648,0,0,2.814540241654721
e0dcc6db-4554-4ae6-87ee-26b6c5dca41f,2026-08-02T04:22:13.462207+00:00,send,855.92,fraud_demo_010,fraud_demo_006,False,0.008415712936012284,0,0,1.2829354387831957
beaadbee-1d29-41ea-85d4-3c0fb1825ef2,2026-08-02T04:51:13.462207+00:00,send,1485.69,fraud_demo_011,fraud_demo_007,False,0.014429600567281268,0,0,1.4932383197061145
dd474f9d-afc7-4ba7-bcea-bc6d71294160,2026-08-02T05:17:13.462207+00:00,send,1159.64,fraud_demo_012,fraud_demo_020,False,0.011589741693397142,0,0,0.996939477303989
575f1f35-8cc3-4233-96c9-a4967746ef48,2026-08-02T05:34:13.462207+00:00,send,843.72,fraud_demo_013,fraud_demo_003,False,0.008417746587635975,0,0,0.7228890888060661
83d536ce-522f-43ea-86d4-dbd09b4a0e3f,2026-08-02T06:04:13.462207+00:00,send,1890.47,fraud_demo_014,fraud_demo_008,False,0.018431781048220956,0,0,1.8414281644113157
c1b2e3fc-0655-4b93-8f1d-104e4ed89558,2026-08-02T06:25:13.462207+00:00,send,1242.92,fraud_demo_015,fraud_demo_001,False,0.011942853562927616,0,0,1.097551983646041
a6ba2eba-d5a5-4d32-85f7-161d4616e4c0,2026-08-02T06:51:13.462207+00:00,send,565.73,fraud_demo_016,fraud_demo_004,False,0.005573368415680894,0,0,0.3889635636716159
f7e12bc9-93e2-4ae9-b06b-79bfcd21806e,2026-08-02T07:17:13.462207+00:00,send,1221.71,fraud_demo_017,fraud_demo_030,False,0.012381683528299929,0,0,1.2996016232920065
488e56a3-4978-4281-9c0f-de395fc1708a,2026-08-02T07:39:13.462207+00:00,send,1841.19,fraud_demo_018,fraud_demo_009,False,0.01782962371465165,0,0,3.7790868320316906
82bc7e87-ce77-4092-85af-e420d41bf1dd,2026-08-02T07:57:13.462207+00:00,send,2375.86,fraud_demo_019,fraud_demo_008,False,0.023060205533280722,0,0,3.521422880963409
6d8bf706-2fef-4623-9d68-477dece86575,2026-08-02T08:19:13.462207+00:00,send,413.60,fraud_demo_020,fraud_demo_037,False,0.0040734304784783805,0,0,0.7393801255837859
d7bdd8d2-26a6-4d95-846c-52bde62f2c2d,2026-08-02T08:40:13.462207+00:00,send,861.59,fraud_demo_021,fraud_demo_008,False,0.00920931806538371,0,0,0.46723716248827285
3bb51acc-c82c-4300-9ef2-74eb4d9fb6e2,2026-08-02T09:08:13.462207+00:00,send,1597.95,fraud_demo_022,fraud_demo_033,False,0.015584118447687414,0,0,2.033099332987687
b569ff26-ab4e-41b0-a789-a355781d2fb6,2026-08-02T09:36:13.462207+00:00,send,523.82,fraud_demo_023,fraud_demo_028,False,0.005396783400878124,0,0,0.40788326169563327
03e32aca-3efc-488c-956d-c134d58e277e,2026-08-02T09:52:13.462207+00:00,send,2017.15,fraud_demo_024,fraud_demo_013,False,0.019898602604441647,0,0,2.2252068394925537
21537829-127a-46ce-8d11-b6a417acdca2,2026-08-02T10:25:13.462207+00:00,send,328.53,fraud_demo_025,fraud_demo_005,False,0.0032607193929283483,0,0,0.32283835971816865
dc452809-9d96-4ba8-9395-3cda41f967b7,2026-08-02T10:36:13.462207+00:00,send,2063.88,fraud_demo_026,fraud_demo_022,False,0.020785834838480437,0,0,2.6801895980780466
81a66c0d-a2bd-4387-87f7-88d597bb9d1f,2026-08-02T11:18:13.462207+00:00,send,3335.40,fraud_demo_027,fraud_demo_019,False,0.03266752463727236,0,0,5.501690721649485
f14aa9b9-64ff-4bc6-b6ae-fe9dbdf8e21d,2026-08-02T11:39:13.462207+00:00,send,1673.56,fraud_demo_028,fraud_demo_033,False,0.01706807239581251,0,0,1.526685245916594
77020536-0604-4488-a761-d249f6c26bcd,2026-08-02T12:00:13.462207+00:00,send,460.94,fraud_demo_029,fraud_demo_023,False,0.004704956730198996,0,0,0.547922734026746
0437580e-0d5f-4822-bcf1-2e8d34a768f0,2026-08-02T12:25:13.462207+00:00,send,417.01,fraud_demo_030,fraud_demo_031,False,0.004207576038257551,0,0,0.2449167772779063
0a1a897f-fde5-4474-8375-62e6897fc1d6,2026-08-02T12:48:13.462207+00:00,send,648.38,fraud_demo_031,fraud_demo_003,False,0.006525515007235252,0,0,0.7869883174025186
b36051fd-8712-45f3-9813-8db7d5f1a8de,2026-08-02T13:01:13.462207+00:00,send,1063.34,fraud_demo_032,fraud_demo_025,False,0.010729510664730386,0,0,1.4386908446392752
1f44dd80-b4be-41df-a527-933ad9e57ca9,2026-08-02T13:27:13.462207+00:00,send,902.60,fraud_demo_033,fraud_demo_009,False,0.00876134091808292,0,0,0.8860725320950962
c4b545fe-0dd9-4bb5-8e00-05f96f45f1f0,2026-08-02T14:00:13.462207+00:00,send,498.45,fraud_demo_034,fraud_demo_029,False,0.004962976563240538,0,0,1.0032909634370943
a7cc76f3-4900-4f36-99cf-c348224930a6,2026-08-02T14:22:13.462207+00:00,send,1551.33,fraud_demo_035,fraud_demo_006,False,0.016043354794727523,0,0,0.9519566648104085
2be55baf-afce-4b38-a2e4-2f16af13c48e,2026-08-02T14:39:13.462207+00:00,send,1354.72,fraud_demo_036,fraud_demo_032,False,0.013187852130020354,0,0,1.7397256315835097
d9917c73-6205-432c-bba5-e0dd6c29f301,2026-08-02T15:00:13.462207+00:00,send,754.71,fraud_demo_037,fraud_demo_007,False,0.0070181569505800715,0,0,1.5524540255893364
757318a0-f4ad-4649-8505-c573196f179b,2026-08-02T15:35:13.462207+00:00,send,753.28,fraud_demo_038,fraud_demo_003,False,0.007283948981801054,0,0,1.4679742956391255
a5c6e86f-b459-4c54-996c-253bbb70a39a,2026-08-02T16:01:13.462207+00:00,send,823.42,fraud_demo_039,fraud_demo_024,False,0.008455351407123599,0,0,0.5753002104748347
4597ddad-6eaf-47da-9fc2-c73c340a3a95,2026-08-02T16:17:13.462207+00:00,send,1106.77,fraud_demo_040,fraud_demo_037,False,0.011182890481695755,0,0,1.1127174749033584
5475fd05-7218-471c-b7d8-11968e1034a6,2026-08-02T16:43:13.462207+00:00,send,1061.37,fraud_demo_001,fraud_demo_007,False,0.010013217367677732,0,0,1.6097754076878272
2b8e1a1c-9711-4db1-b059-b24c514c95b8,2026-08-02T17:08:13.462207+00:00,send,854.80,fraud_demo_002,fraud_demo_033,False,0.008781737355988188,0,0,0.9382724722184413
5493bf45-8116-4489-b8d6-889d3a41ea10,2026-08-02T17:33:13.462207+00:00,send,1815.03,fraud_demo_003,fraud_demo_001,False,0.01854293174536266,0,0,1.9425756307647521
d8ccd847-5140-4f2f-9549-4e06ef7971d3,2026-08-02T17:59:13.462207+00:00,send,503.68,fraud_demo_004,fraud_demo_036,False,0.005309935096459218,0,0,0.38543182781677904
d4d69340-a347-44f1-b82e-7a14851276b7,2026-08-02T18:21:13.462207+00:00,send,1249.62,fraud_demo_005,fraud_demo_039,False,0.012590346836539592,0,0,1.2855987670959472
5c7e3821-f286-4af6-b4cb-8d272559451a,2026-08-02T18:47:13.462207+00:00,send,492.78,fraud_demo_006,fraud_demo_014,False,0.0045998886572671295,0,0,0.4740758128786844
cafcac0f-10d6-4646-a356-a6272b98c110,2026-08-02T19:00:13.462207+00:00,send,473.21,fraud_demo_007,fraud_demo_038,False,0.004768974665911763,0,0,0.40311890904630143
ac069b03-0d60-4102-80c8-a38e219fd0f2,2026-08-02T19:25:13.462207+00:00,send,549.93,fraud_demo_008,fraud_demo_027,False,0.005296812396349857,0,0,0.4892920377603588
037d64e1-1d44-4909-980c-e4581aef1c21,2026-08-02T19:57:13.462207+00:00,send,3582.71,fraud_demo_009,fraud_demo_040,False,0.036038476476075124,0,0,3.5889475909130066
e1ea155f-b2dd-4f24-85e5-ceb88a02d6d7,2026-08-02T20:18:13.462207+00:00,send,1049.40,fraud_demo_010,fraud_demo_016,False,0.01040564875808969,0,0,1.4887006851938545
3828623d-c7a6-4227-8164-8eb94108ed9f,2026-08-02T20:40:13.462207+00:00,send,1637.66,fraud_demo_011,fraud_demo_018,False,0.01613846405213944,0,0,1.4981877130420622
a3d116dc-435b-4afa-bf85-e68eeee4da2b,2026-08-02T21:09:13.462207+00:00,send,2633.99,fraud_demo_012,fraud_demo_007,False,0.026633451236180047,0,0,2.265821238584828
b9f6c21c-a503-4288-bd99-4e67d5dd1e54,2026-08-02T21:28:13.462207+00:00,send,448.89,fraud_demo_013,fraud_demo_030,False,0.004426725314934156,0,0,0.4071697579240683
070615a5-799e-4fbd-9c3a-3c9bcee789b2,2026-08-02T22:01:13.462207+00:00,send,1594.08,fraud_demo_014,fraud_demo_006,False,0.01575674701380643,0,0,1.329064532266133
48c77851-ae60-48b7-8998-e544abc863f6,2026-08-02T22:23:13.462207+00:00,send,239.28,fraud_demo_015,fraud_demo_012,False,0.0023269618715899823,0,0,0.20725101382193115
a29993e1-a319-4568-a7bf-b6b19905030a,2026-08-02T22:41:13.462207+00:00,send,899.94,fraud_demo_016,fraud_demo_035,False,0.00882383999703499,0,0,0.7048899123528445
c1304f5c-01f9-41df-adf5-51b1ccc13d8a,2026-08-02T23:10:13.462207+00:00,send,1678.49,fraud_demo_017,fraud_demo_018,False,0.01722428461070525,0,0,1.6845645397302673
b8dfa7f2-6e10-4eb9-9e89-51120f57df2f,2026-08-02T23:31:13.462207+00:00,send,869.30,fraud_demo_018,fraud_demo_008,False,0.00829954036986945,0,0,1.1468307471484243
ba20540a-75eb-45c1-99f1-d5a3e35104c5,2026-08-02T23:48:13.462207+00:00,send,490.27,fraud_demo_019,fraud_demo_027,False,0.00471467362951399,0,0,0.48306175252876565
868c4f8c-114e-44d2-a17f-87ff9bc9cd20,2026-08-03T00:20:13.462207+00:00,send,956.51,fraud_demo_020,fraud_demo_017,False,0.009458929195142048,0,0,1.8039530015276388
0acdde37-bcb8-410d-ae8a-b62c0bbd4989,2026-08-03T00:47:13.462207+00:00,send,658.15,fraud_demo_021,fraud_demo_039,False,0.007100187130359284,0,0,0.39947776241467514
3e816da6-f1f8-4602-bf43-1ed1fefb7cb2,2026-08-03T01:17:13.462207+00:00,send,1226.75,fraud_demo_022,fraud_demo_007,False,0.011909846129739316,0,0,1.293543407383663
4ddf29eb-53e4-4e1c-b622-f6017b30d03a,2026-08-03T01:26:13.462207+00:00,send,1485.05,fraud_demo_023,fraud_demo_021,False,0.015310008470221851,0,0,1.3117008610120866
f63dad7e-5fcc-410e-81ac-ac24aad709be,2026-08-03T02:01:13.462207+00:00,send,1561.73,fraud_demo_024,fraud_demo_031,False,0.015589595729429234,0,0,1.3837395780725306
666ac358-7d5d-43fe-b381-227fc3ff2c12,2026-08-03T02:15:13.462207+00:00,send,624.02,fraud_demo_025,fraud_demo_008,False,0.006148667855962218,0,0,0.7092667735079164
95a1105d-8d13-4b8c-9e21-a37da226961b,2026-08-03T02:53:13.462207+00:00,send,786.24,fraud_demo_026,fraud_demo_016,False,0.008086497881182044,0,0,0.7642182858742477
803cbadb-34e8-4115-a45e-ad0b6c54988d,2026-08-03T03:13:13.462207+00:00,send,1213.69,fraud_demo_027,fraud_demo_028,False,0.012160466985016964,0,0,1.0534771890840913
1af378a5-048f-4b7c-bbd2-09aa3733a12a,2026-08-03T03:32:13.462207+00:00,send,2036.91,fraud_demo_028,fraud_demo_007,False,0.0208716453905491,0,0,1.6810682063521933
0917824b-bc0e-45c2-b00c-392796c6b440,2026-08-03T04:02:13.462207+00:00,send,1129.32,fraud_demo_029,fraud_demo_003,False,0.011522905667612148,0,0,1.4758725960156196
b8cffe74-0b61-48fa-b69c-0263e03718b1,2026-08-03T04:23:13.462207+00:00,send,1318.96,fraud_demo_030,fraud_demo_016,False,0.013303853493804793,0,0,0.9124404197768293
ca32cf76-9233-466f-83eb-1e5d50ddea89,2026-08-03T04:39:13.462207+00:00,send,797.41,fraud_demo_031,fraud_demo_004,False,0.007952303531251195,0,0,1.0109460734099414
cb938336-31de-449d-8443-fc4dce919186,2026-08-03T05:00:13.462207+00:00,send,550.60,fraud_demo_032,fraud_demo_030,False,0.005539479506239811,0,0,0.684868461969028
ee668884-0f38-45fa-afa0-a27c674df25b,2026-08-03T05:28:13.462207+00:00,send,1284.00,fraud_demo_033,fraud_demo_004,False,0.01246929290951722,0,0,1.2898792697113444
88db7492-32e5-4d89-b2a5-e85224f89492,2026-08-03T05:55:13.462207+00:00,send,1016.03,fraud_demo_034,fraud_demo_038,False,0.010166885091473747,0,0,2.043742029440281
97bd2d62-7ad6-4ef6-9cba-36e5d16979d0,2026-08-03T06:12:13.462207+00:00,send,3055.94,fraud_demo_035,fraud_demo_022,False,0.03181788650120486,0,0,1.8934375240092096
e3d2978b-3ccc-4dc9-8f4f-c6143977abd5,2026-08-03T06:40:13.462207+00:00,send,1333.25,fraud_demo_036,fraud_demo_018,False,0.013087270721225674,0,0,1.491494593367058
3bc26603-203c-47f0-adb5-86d22295a11b,2026-08-03T07:00:13.462207+00:00,send,675.19,fraud_demo_037,fraud_demo_035,False,0.006258200570142381,0,0,1.250690001370741
75e9c080-f93e-412b-a2db-f5cf3f1ff971,2026-08-03T07:29:13.462207+00:00,send,622.87,fraud_demo_038,fraud_demo_009,False,0.005980371645816288,0,0,1.1099488568526472
888dac33-88ed-40b6-8c46-19b77af3ff3e,2026-08-03T08:03:13.462207+00:00,send,989.08,fraud_demo_039,fraud_demo_017,False,0.010044599900293322,0,0,0.7551877738193224
bd614054-e926-4d2d-ac13-995d50cbc1e4,2026-08-03T08:15:13.462207+00:00,send,1539.03,fraud_demo_040,fraud_demo_029,False,0.015170946321329164,0,0,1.5131877791083868
668b94fc-fb55-4b96-ac4a-0f000cd0fc48,2026-08-03T08:37:13.462207+00:00,send,959.45,fraud_demo_001,fraud_demo_030,False,0.008987774865068623,0,0,1.3209469459684582
0e69d372-0314-48fb-bb8c-26443ae0163b,2026-08-03T09:00:13.462207+00:00,send,531.24,fraud_demo_002,fraud_demo_035,False,0.005506015169214821,0,0,0.5891777788457628
0af8f238-122c-4cfd-b4f5-16185675d7c2,2026-08-03T09:38:13.462207+00:00,send,830.49,fraud_demo_003,fraud_demo_005,False,0.008544410946566489,0,0,0.7681732272297025
60cede6e-bb2b-4aa5-91b7-aae8bed58265,2026-08-03T09:52:13.462207+00:00,send,1565.14,fraud_demo_004,fraud_demo_006,False,0.0162301879795773,0,0,1.3343715586879141
f12c2e82-80ac-45ce-aebb-a8f88b6d464d,2026-08-03T10:30:13.462207+00:00,send,351.13,fraud_demo_005,fraud_demo_006,False,0.0035527571228667317,0,0,0.3448260059020998
c626df37-3c9d-4a5a-9c2b-e76c4cd126aa,2026-08-03T10:52:13.462207+00:00,send,1240.58,fraud_demo_006,fraud_demo_037,False,0.011263025295913387,0,0,1.3081572218170314
a0028263-e52f-49dd-884e-67fd246c7ad1,2026-08-03T11:03:13.462207+00:00,send,803.78,fraud_demo_007,fraud_demo_020,False,0.007680560245738177,0,0,0.7603668544454377
aa9cef9b-6739-449c-a485-059d28ab3b38,2026-08-03T11:41:13.462207+00:00,send,2329.87,fraud_demo_008,fraud_demo_009,False,0.022238754270102922,0,0,2.2658300889201533
d2e8586c-d927-47ce-9093-e5405ab69666,2026-08-03T12:01:13.462207+00:00,send,497.90,fraud_demo_009,fraud_demo_015,False,0.00504031543729469,0,0,0.3484246596112442
303df13a-4abd-41f5-84d8-3d52d93e302b,2026-08-03T12:15:13.462207+00:00,send,1500.87,fraud_demo_010,fraud_demo_023,False,0.015038827282695424,0,0,1.9688059554651887
55d72ab8-ebd1-47f5-b0f3-ad5d488c0083,2026-08-03T12:47:13.462207+00:00,send,730.45,fraud_demo_011,fraud_demo_022,False,0.007316358353619546,0,0,0.6170096844630466
f9129af7-2eb8-488b-92d5-60ca2148a914,2026-08-03T13:02:13.462207+00:00,send,1255.50,fraud_demo_012,fraud_demo_010,False,0.013009944758251289,0,0,0.8918560859440023
9068a8f3-d16d-48a8-8449-d7b79004675e,2026-08-03T13:41:13.462207+00:00,send,2972.05,fraud_demo_013,fraud_demo_006,False,0.029439167539327186,0,0,2.9913893320315843
20874e28-e0c4-4191-928e-2d0c769233d4,2026-08-03T13:58:13.462207+00:00,send,1081.48,fraud_demo_014,fraud_demo_004,False,0.010861067059567051,0,0,0.854803269100049
674ede90-f2db-4b44-bb2d-c4befd405b0c,2026-08-03T14:25:13.462207+00:00,send,461.36,fraud_demo_015,fraud_demo_008,False,0.004475400526812148,0,0,0.4604398876245636
78829ac5-361c-44f7-baae-67a5b1d63b97,2026-08-03T14:42:13.462207+00:00,send,644.43,fraud_demo_016,fraud_demo_004,False,0.006244787168199347,0,0,0.5308691300461729
d2989c78-223e-4bad-accb-032366f6bdf3,2026-08-03T15:03:13.462207+00:00,send,1086.41,fraud_demo_017,fraud_demo_010,False,0.011118020011842469,0,0,0.9786801512207867
eaa8a021-5401-4a60-a1fe-f60987e43d47,2026-08-03T15:32:13.462207+00:00,send,1503.07,fraud_demo_018,fraud_demo_024,False,0.014287100698647559,0,0,1.9355698590563837
48ccc7ca-9a7a-4aaf-9a89-d2a2e568217d,2026-08-03T16:05:13.462207+00:00,send,571.01,fraud_demo_019,fraud_demo_038,False,0.005517119970812918,0,0,0.6156574804847543
2d99534a-8a36-4d0c-bed7-03b5074984ac,2026-08-03T16:17:13.462207+00:00,send,1372.45,fraud_demo_020,fraud_demo_037,False,0.013592690322672017,0,0,2.2825598864638024
279c49a7-ad6f-4818-a0cf-89e529117b4d,2026-08-03T16:46:13.462207+00:00,send,1184.14,fraud_demo_021,fraud_demo_018,False,0.012661668465180891,0,0,0.7986753269527799
63b22de9-02e6-4a66-a987-25589fc85681,2026-08-03T17:04:13.462207+00:00,send,996.68,fraud_demo_022,fraud_demo_024,False,0.009441597004243452,0,0,1.0019284351192999
7a39a00f-1c97-4864-bc7e-88cd6cc53259,2026-08-03T17:36:13.462207+00:00,send,395.28,fraud_demo_023,fraud_demo_002,False,0.004074444160179833,0,0,0.33189706444177935
e5e4ea53-1912-49b3-81aa-fd61921dd2f7,2026-08-03T17:57:13.462207+00:00,send,852.43,fraud_demo_024,fraud_demo_028,False,0.0084302412690884,0,0,0.7098771943460543
20bdfd23-9893-475c-96a1-c0db661fdcb4,2026-08-03T18:14:13.462207+00:00,send,1642.66,fraud_demo_025,fraud_demo_021,False,0.016285788189576465,0,0,1.9621386920747672
39a4855a-8784-4db1-8df3-225022c3ae6a,2026-08-03T18:50:13.462207+00:00,send,817.96,fraud_demo_026,fraud_demo_004,False,0.008481323068149414,0,0,0.8275708562101202
0e178b5a-8845-44d7-8f2d-961d2d90c9f7,2026-08-03T19:03:13.462207+00:00,send,374.89,fraud_demo_027,fraud_demo_028,False,0.003802418662431862,0,0,0.3225281004403442
9d763c39-a19e-49e2-b924-346e97060f54,2026-08-03T19:42:13.462207+00:00,send,818.72,fraud_demo_028,fraud_demo_023,False,0.008459370081115804,0,0,0.6068121092635348
480f072e-e08b-4f6a-99c5-47fe9e410379,2026-08-03T19:55:13.462207+00:00,send,931.45,fraud_demo_029,fraud_demo_033,False,0.00946439327493105,0,0,1.1278318392980389
42326e4c-cfee-466b-aba7-4e10c44285aa,2026-08-03T20:21:13.462207+00:00,send,2616.54,fraud_demo_030,fraud_demo_026,False,0.026341283383278482,0,0,1.8368967344947293
584eb2e8-d85d-4f1a-98c0-63a23cacc97d,2026-08-03T20:49:13.462207+00:00,send,439.93,fraud_demo_031,fraud_demo_021,False,0.004422443531488989,0,0,0.5567219047980613
7cc1c448-c1ca-4aa9-94f1-c92d970bafc1,2026-08-03T21:07:13.462207+00:00,send,424.74,fraud_demo_032,fraud_demo_012,False,0.004297029835190483,0,0,0.5576028094128459
6d39ba3c-7268-42af-810c-15c9cf2259a6,2026-08-03T21:35:13.462207+00:00,send,1060.95,fraud_demo_033,fraud_demo_034,False,0.010338586641780133,0,0,1.0166884675645762
82cca7d7-435e-42b4-a831-bec6252b4b9a,2026-08-03T22:01:13.462207+00:00,send,616.17,fraud_demo_034,fraud_demo_005,False,0.006162923340283046,0,0,1.055766561766436
bfaabf3a-0171-4362-bac5-59ea141f5a2c,2026-08-03T22:22:13.462207+00:00,send,861.63,fraud_demo_035,fraud_demo_002,False,0.00914728041903617,0,0,0.464667582259549
0a1f8dc3-46ed-4653-b839-30794276a7fc,2026-08-03T22:49:13.462207+00:00,send,802.69,fraud_demo_036,fraud_demo_038,False,0.007983743872497218,0,0,0.8299740123665291
a44785e0-3312-407e-9834-54ff3bd722f8,2026-08-03T23:14:13.462207+00:00,send,390.65,fraud_demo_037,fraud_demo_019,False,0.003556968124685186,0,0,0.6946000248928718
7ac56b31-0b94-4bf8-82ad-754ca2437027,2026-08-03T23:40:13.462207+00:00,send,498.16,fraud_demo_038,fraud_demo_024,False,0.004748757950423257,0,0,0.871742224503605
9d24e435-6422-4bf1-aca0-08da7506c9ba,2026-08-03T23:58:13.462207+00:00,send,778.53,fraud_demo_039,fraud_demo_006,False,0.007986581828533618,0,0,0.6197130405365068
ff7e1ffc-525f-4183-a264-1ee98d1dcfec,2026-08-04T00:28:13.462207+00:00,send,742.97,fraud_demo_040,fraud_demo_015,False,0.007436627218253803,0,0,0.6729374043312472
6e9c2c84-f6a1-414c-b1e8-3f6b3ac262d2,2026-08-04T00:47:13.462207+00:00,send,930.59,fraud_demo_001,fraud_demo_009,False,0.008796485829480378,0,0,1.225045416420622
dbebac01-a5a5-454a-b267-a1151ad4e3b0,2026-08-04T01:04:13.462207+00:00,send,2936.50,fraud_demo_002,fraud_demo_024,False,0.03020803372189722,0,0,3.4598112845509843
857c5d9a-9093-475d-8d35-bef28fc5439c,2026-08-04T01:29:13.462207+00:00,send,542.56,fraud_demo_003,fraud_demo_017,False,0.005630179321875533,0,0,0.5190379419534441
c1cb288d-be75-4555-ba6b-770722e512c7,2026-08-04T02:06:13.462207+00:00,send,1124.63,fraud_demo_004,fraud_demo_040,False,0.011545014552017445,0,0,0.915099636280788
1be1c2d3-f632-49a9-8d6e-7abe83440ece,2026-08-04T02:30:13.462207+00:00,send,475.50,fraud_demo_005,fraud_demo_039,False,0.004798273711292664,0,0,0.5151822833634121
ff2dbe87-6fce-402e-a241-1e6825cccc0b,2026-08-04T02:40:13.462207+00:00,send,2257.32,fraud_demo_006,fraud_demo_022,False,0.020037237170596394,0,0,2.2799139472169196
3d455d26-c946-4d6f-a21d-92f197893797,2026-08-04T03:09:13.462207+00:00,send,432.56,fraud_demo_007,fraud_demo_030,False,0.004165341004072898,0,0,0.42370160991275263
4aa4ae99-10ee-4cb3-aa45-cf5a87e87f7c,2026-08-04T03:26:13.462207+00:00,send,1025.67,fraud_demo_008,fraud_demo_019,False,0.00996786128358554,0,0,0.8447240703810246
76c41fd8-1357-4d7f-a7a6-d8f11fc6723a,2026-08-04T03:59:13.462207+00:00,send,864.79,fraud_demo_009,fraud_demo_021,False,0.008716218592953429,0,0,0.6672821188899373
e87f2c24-7552-4f86-8ed2-af9e6927b3b6,2026-08-04T04:28:13.462207+00:00,send,2144.70,fraud_demo_010,fraud_demo_020,False,0.021310461740581915,0,0,2.4713324839254494
ba1db7d8-6732-4f29-b14b-2f8990c221cf,2026-08-04T04:37:13.462207+00:00,send,829.70,fraud_demo_011,fraud_demo_026,False,0.008371720113529282,0,0,0.7414106960036152
984975d8-ae82-4844-8638-7112c2567abd,2026-08-04T05:06:13.462207+00:00,send,2210.65,fraud_demo_012,fraud_demo_030,False,0.023106469435157536,0,0,1.594997077900995
974ee496-493d-40cc-9a6c-1027c3ea7564,2026-08-04T05:25:13.462207+00:00,send,1095.21,fraud_demo_013,fraud_demo_022,False,0.011177483903171954,0,0,0.8581939851745052
6dec9102-04ef-4411-8116-e51fb7a81819,2026-08-04T06:04:13.462207+00:00,send,535.35,fraud_demo_014,fraud_demo_030,False,0.00543543759105386,0,0,0.43210424603577263
69009a25-9f43-4cf8-8afe-c0b2680cbce7,2026-08-04T06:21:13.462207+00:00,send,1056.67,fraud_demo_015,fraud_demo_012,False,0.010222252018219288,0,0,1.1426371198838314
b283d7d7-bc12-4619-9d0f-7cecbe9656dc,2026-08-04T06:37:13.462207+00:00,send,788.32,fraud_demo_016,fraud_demo_026,False,0.00768714400445283,0,0,0.6960514233241507
2a2230ee-1e51-4730-8208-f29cd7353488,2026-08-04T07:04:13.462207+00:00,send,1135.83,fraud_demo_017,fraud_demo_023,False,0.011688826104643621,0,0,1.026325470803047
b690cb2d-e24d-4d2f-ae89-17c645a90537,2026-08-04T07:36:13.462207+00:00,send,1587.75,fraud_demo_018,fraud_demo_023,False,0.015137898605110932,0,0,1.8035645318854079
50bea2f8-f95e-4957-800d-33977c698476,2026-08-04T07:57:13.462207+00:00,send,3813.97,fraud_demo_019,fraud_demo_009,False,0.036552183828071134,0,0,4.351086802403563
76742bb4-0a40-4f31-b480-ea52b74d7a87,2026-08-04T08:16:13.462207+00:00,send,513.63,fraud_demo_020,fraud_demo_037,False,0.005048359595195531,0,0,0.7219539327444575
6fd0ddb4-ee2f-43bc-8e58-74df4e425a14,2026-08-04T08:45:13.462207+00:00,send,905.20,fraud_demo_021,fraud_demo_035,False,0.0094999332527889,0,0,0.6286161001277788
c6497ee8-eaf7-4a7d-a6b3-c77c3f2bd9a2,2026-08-04T09:15:13.462207+00:00,send,1714.18,fraud_demo_022,fraud_demo_012,False,0.0158840235918772,0,0,1.722732134524963
27f98469-bf9d-41cf-a147-94da38f20734,2026-08-04T09:26:13.462207+00:00,send,665.69,fraud_demo_023,fraud_demo_013,False,0.00664616776828777,0,0,0.6179236213236514
0ac54b9c-a1ea-4797-a364-1a78c575c9ce,2026-08-04T09:52:13.462207+00:00,send,464.49,fraud_demo_024,fraud_demo_019,False,0.004479258801233891,0,0,0.4035379053306873
3564e291-8359-4f1f-8b8e-b7cc34614cd4,2026-08-04T10:17:13.462207+00:00,send,781.45,fraud_demo_025,fraud_demo_040,False,0.00787577589922877,0,0,0.8206377996108455
7ba26756-0197-401c-9a6b-d865e1c3c9d2,2026-08-04T10:43:13.462207+00:00,send,456.11,fraud_demo_026,fraud_demo_030,False,0.004567535657741758,0,0,0.47312352184556655
60ab8af8-b4d3-4bc1-b0a9-d5b88555795d,2026-08-04T11:14:13.462207+00:00,send,1368.45,fraud_demo_027,fraud_demo_030,False,0.013932836083790262,0,0,1.3034666035286528
a98a79e2-6726-4a1f-9595-6bc549356c22,2026-08-04T11:39:13.462207+00:00,send,940.56,fraud_demo_028,fraud_demo_015,False,0.00980118565418871,0,0,0.7386036138617749
03be6472-d8e7-4f3b-81be-55b17baa402e,2026-08-04T11:57:13.462207+00:00,send,2098.76,fraud_demo_029,fraud_demo_013,False,0.021529102129675824,0,0,2.4956758528957605
2c6f02dc-6040-4a67-a130-1be41505a878,2026-08-04T12:17:13.462207+00:00,send,902.09,fraud_demo_030,fraud_demo_025,False,0.008868462655945743,0,0,0.5656673967473339
20fd2527-4ad4-4bf6-a9f8-a90b2543b686,2026-08-04T12:44:13.462207+00:00,send,1248.76,fraud_demo_031,fraud_demo_013,False,0.012609056739038792,0,0,1.6871161618306114
1da5f7ec-a569-481c-b713-e3671df22a68,2026-08-04T13:17:13.462207+00:00,send,2586.83,fraud_demo_032,fraud_demo_004,False,0.026283505797788827,0,0,3.6251218696760215
600e6bc6-2e16-43de-81df-8373b0d54316,2026-08-04T13:27:13.462207+00:00,send,1355.66,fraud_demo_033,fraud_demo_007,False,0.013348436472584636,0,0,1.2960137445781026
a9889f78-387f-4129-bd2b-9d872d90dcc1,2026-08-04T14:01:13.462207+00:00,send,813.82,fraud_demo_034,fraud_demo_019,False,0.008190291894507448,0,0,1.3834056596671613
8cfd90be-fb70-42a2-9626-ed02913b4dce,2026-08-04T14:26:13.462207+00:00,send,1542.91,fraud_demo_035,fraud_demo_006,False,0.016372346925543818,0,0,0.9009776106391801
15d0ba05-3fb8-4011-be2f-38a4d817602d,2026-08-04T14:48:13.462207+00:00,send,1797.55,fraud_demo_036,fraud_demo_023,False,0.018022744823279747,0,0,1.9049194225980062
7bcf46b2-ad92-409f-b18f-a5a4954d2953,2026-08-04T15:02:13.462207+00:00,send,739.71,fraud_demo_037,fraud_demo_033,False,0.006727715210760998,0,0,1.3752506566873213
2040482e-16e1-4db1-8785-62bd4b2e46f1,2026-08-04T15:27:13.462207+00:00,send,613.09,fraud_demo_038,fraud_demo_024,False,0.005872224966874211,0,0,1.0928854459520028
93749ba1-0cf5-4c53-85c2-bc909673b6e9,2026-08-04T15:57:13.462207+00:00,send,1234.96,fraud_demo_039,fraud_demo_022,False,0.012708393532936695,0,0,1.0395061193961652
29f0fbb5-fca0-4e50-b284-a8cdd683b8c7,2026-08-04T16:27:13.462207+00:00,send,1113.00,fraud_demo_040,fraud_demo_031,False,0.011012174141555017,0,0,1.0574979741808157
235ed9be-3ef3-4e56-ab5e-4dcb0b68af3e,2026-08-04T16:36:13.462207+00:00,send,2852.85,fraud_demo_001,fraud_demo_030,False,0.027206140118320978,0,0,3.652787669752963
40d80915-b5f1-4384-8dc6-d40948adf317,2026-08-04T17:16:13.462207+00:00,send,654.94,fraud_demo_002,fraud_demo_018,False,0.006947289322448888,0,0,0.5901875706825628
76d4487c-f6cb-4136-9979-ba83b9dd20ff,2026-08-04T17:33:13.462207+00:00,send,536.29,fraud_demo_003,fraud_demo_029,False,0.0055966251397617,0,0,0.5458568231466744
c9b43886-c1f1-46b4-b23b-f6de632db405,2026-08-04T18:02:13.462207+00:00,send,430.31,fraud_demo_004,fraud_demo_009,False,0.004352069045695258,0,0,0.3538944550559141
6e6f9fa8-423c-42b9-97b8-d567960ab50d,2026-08-04T18:28:13.462207+00:00,send,985.16,fraud_demo_005,fraud_demo_006,False,0.009989187066985835,0,0,1.1362336224395646
18464aad-c91b-4814-b9bd-9576fc716425,2026-08-04T18:49:13.462207+00:00,send,675.66,fraud_demo_006,fraud_demo_038,False,0.00598315726088535,0,0,0.5883009811764321
59dd0a1e-d2de-4cdf-abc1-2e347a7dead7,2026-08-04T19:13:13.462207+00:00,send,1035.50,fraud_demo_007,fraud_demo_001,False,0.00988350351157873,0,0,1.093033167038532
02e712d3-1e93-4621-a0dd-aa328b8c8233,2026-08-04T19:35:13.462207+00:00,send,1063.81,fraud_demo_008,fraud_demo_013,False,0.010442611185818126,0,0,0.8934774575018478
b43b77f1-df8e-4d27-a161-3a3859ec7604,2026-08-04T20:04:13.462207+00:00,send,2294.65,fraud_demo_009,fraud_demo_005,False,0.022365951470861154,0,0,1.8474122722712047
147a9e03-4c3f-41da-b964-bbcf2fd6f6dd,2026-08-04T20:23:13.462207+00:00,send,444.76,fraud_demo_010,fraud_demo_037,False,0.004515512861891563,0,0,0.4328817254535544
75359062-4211-45e0-a0cc-52f732f56e99,2026-08-04T20:38:13.462207+00:00,send,1290.73,fraud_demo_011,fraud_demo_018,False,0.013133488885635071,0,0,1.1919088382229364
12933196-55b6-4906-a044-526c1b5abc58,2026-08-04T21:03:13.462207+00:00,send,440.39,fraud_demo_012,fraud_demo_024,False,0.004576310674123326,0,0,0.2957478564677005
fced3948-a894-44c8-b198-b140d4133986,2026-08-04T21:25:13.462207+00:00,send,1251.95,fraud_demo_013,fraud_demo_039,False,0.012278184560645089,0,0,0.9987166536869532
b8fb996f-52c6-458c-b22d-f6c057b8f3b6,2026-08-04T21:53:13.462207+00:00,send,1133.20,fraud_demo_014,fraud_demo_024,False,0.01156831995367772,0,0,0.9845448098428417
7c00b69c-4c30-4ed6-84cd-62f51a8f69f8,2026-08-04T22:17:13.462207+00:00,send,2143.06,fraud_demo_015,fraud_demo_031,False,0.020755329505601175,0,0,2.276817325850396
a8dd0a8b-4b06-482e-a378-660151b0d944,2026-08-04T22:37:13.462207+00:00,send,848.51,fraud_demo_016,fraud_demo_009,False,0.008338171413881705,0,0,0.7787853478105238
f1b2ba2e-ad2d-4441-9ca0-eddf257fd913,2026-08-04T23:09:13.462207+00:00,send,1528.23,fraud_demo_017,fraud_demo_013,False,0.015913018868042413,0,0,1.3763652943361815
39fe6106-6f84-4f31-9927-f5671a189f30,2026-08-04T23:39:13.462207+00:00,send,533.67,fraud_demo_018,fraud_demo_034,False,0.005070803301442899,0,0,0.550875920791006
19e51474-b392-42d0-9376-547787bb650e,2026-08-04T23:49:13.462207+00:00,send,207.70,fraud_demo_019,fraud_demo_017,False,0.0020401249456204057,0,0,0.16699732458547153
64f40ec9-d876-433c-8bc0-0dea93c427d1,2026-08-05T00:25:13.462207+00:00,send,309.08,fraud_demo_020,fraud_demo_023,False,0.0030532954559262214,0,0,0.4500831855894163
404038e8-2e02-4843-913d-eaf66f5484b3,2026-08-05T00:52:13.462207+00:00,send,891.47,fraud_demo_021,fraud_demo_027,False,0.009445571334846654,0,0,0.6492200358302868
00f1a9e9-4381-49e8-96b5-7c9d1a97ce1f,2026-08-05T01:02:13.462207+00:00,send,2543.09,fraud_demo_022,fraud_demo_018,False,0.02367002087132378,0,0,2.3440156784489306
3610a683-3b67-4b77-b2ef-08ff9b47a0e8,2026-08-05T01:41:13.462207+00:00,send,1547.08,fraud_demo_023,fraud_demo_029,False,0.015226802668676593,0,0,1.5080957254959302
fa619e01-29bb-4ee0-ae94-ebe43f5b0a41,2026-08-05T01:57:13.462207+00:00,send,747.42,fraud_demo_024,fraud_demo_019,False,0.007089915922145813,0,0,0.701654580018306
d92a213d-cdbe-48c4-b3a3-5aa4a70de4dc,2026-08-05T02:17:13.462207+00:00,send,749.39,fraud_demo_025,fraud_demo_020,False,0.007543490149896403,0,0,0.8050188124900969
472cebd4-12f2-4121-8d9d-64bb2e6ece4e,2026-08-05T02:47:13.462207+00:00,send,775.67,fraud_demo_026,fraud_demo_030,False,0.00780328640013746,0,0,0.8613303832801944
8a84d030-e63d-487e-8a85-9d73f0d9278c,2026-08-05T03:05:13.462207+00:00,send,1100.79,fraud_demo_027,fraud_demo_029,False,0.011262357193486762,0,0,1.010196812592702
5ebc4b69-3ce6-4524-bbc9-6a2e604e593a,2026-08-05T03:38:13.462207+00:00,send,380.36,fraud_demo_028,fraud_demo_002,False,0.004002806047440555,0,0,0.30877856669545195
84314042-04b7-416f-910e-8d0699a643c3,2026-08-05T03:59:13.462207+00:00,send,565.89,fraud_demo_029,fraud_demo_003,False,0.005740985180205091,0,0,0.5669196678467265
1af6ef26-8bf2-4dba-9509-7ba46d5b07f1,2026-08-05T04:16:13.462207+00:00,send,695.47,fraud_demo_030,fraud_demo_024,False,0.006658700774472378,0,0,0.4611396043510117
7ca54013-5710-49ba-8f03-2c16c547415e,2026-08-05T04:38:13.462207+00:00,send,1762.26,fraud_demo_031,fraud_demo_029,False,0.01744051233100811,0,0,2.192554253667974
7c2d259b-aa02-4359-8c93-898eae027fe1,2026-08-05T05:10:13.462207+00:00,send,523.22,fraud_demo_032,fraud_demo_038,False,0.005459680309954405,0,0,0.5520712431679575
66421966-ed4a-4770-ac43-674b136fce27,2026-08-05T05:29:13.462207+00:00,send,687.81,fraud_demo_033,fraud_demo_018,False,0.00681381101172329,0,0,0.6340855191741704
edfbb96e-6273-4c76-a9b7-aaf2572260c3,2026-08-05T05:51:13.462207+00:00,send,1089.70,fraud_demo_034,fraud_demo_032,False,0.010997758160943115,0,0,1.7676555691410523
097b833f-f8fc-429b-a634-136fd94a60ec,2026-08-05T06:18:13.462207+00:00,send,2157.27,fraud_demo_035,fraud_demo_017,False,0.023272557882028616,0,0,1.2755193898139732
00ffae6c-ec3b-4b1f-a37e-d652f9ff2954,2026-08-05T06:38:13.462207+00:00,send,647.22,fraud_demo_036,fraud_demo_019,False,0.0066083107149650655,0,0,0.6161799357372367
f9a45b71-9294-45b8-90e9-e8bb196a07da,2026-08-05T07:02:13.462207+00:00,send,305.65,fraud_demo_037,fraud_demo_029,False,0.0027873859681905137,0,0,0.5427963825413668
6a4b1493-c65f-4a7a-8de8-f55e4d3db4f9,2026-08-05T07:41:13.462207+00:00,send,1548.77,fraud_demo_038,fraud_demo_021,False,0.014751475961952872,0,0,2.72912816604515
e67819f7-ff83-471e-ab07-e95837de5c48,2026-08-05T07:53:13.462207+00:00,send,676.85,fraud_demo_039,fraud_demo_035,False,0.006963928015506354,0,0,0.5669270893317447
73eb6982-c9c7-44b7-bb8a-8190bc3436d0,2026-08-05T08:15:13.462207+00:00,send,1578.31,fraud_demo_040,fraud_demo_012,False,0.015789895971226015,0,0,1.4889032226112242
1036c6f2-c8d2-40b1-b394-57b9e7ea66bf,2026-08-05T08:51:13.462207+00:00,send,1288.26,fraud_demo_001,fraud_demo_014,False,0.012502138666735503,0,0,1.2739772989484557
fef86225-05c8-4fcc-a1ab-67b3571c73d7,2026-08-05T09:14:13.462207+00:00,send,660.60,fraud_demo_002,fraud_demo_003,False,0.007027797139858909,0,0,0.6236874072924032
c4c07c72-19ce-46f7-9acc-cf879a304026,2026-08-05T09:39:13.462207+00:00,send,454.50,fraud_demo_003,fraud_demo_037,False,0.004709160389340325,0,0,0.48719164181379887
5880df8b-6ac8-48bb-8104-0eefd8c44bf5,2026-08-05T10:06:13.462207+00:00,send,778.59,fraud_demo_004,fraud_demo_035,False,0.00790892330196202,0,0,0.6898499960128888
840c1e8b-7ce4-4a56-b310-e2479af0b188,2026-08-05T10:14:13.462207+00:00,send,535.06,fraud_demo_005,fraud_demo_006,False,0.005354233918560527,0,0,0.6079091280922252
d1470a0c-2c09-4264-800d-e5c1c0ca9c2c,2026-08-05T10:40:13.462207+00:00,send,839.83,fraud_demo_006,fraud_demo_030,False,0.007446199187136038,0,0,0.7662985458670811
f961e438-fcc2-48de-a92b-d0d6db54435b,2026-08-05T11:04:13.462207+00:00,send,1054.94,fraud_demo_007,fraud_demo_037,False,0.010169562762977678,0,0,1.1021602175889005
dc2f3ec0-022e-4d06-a4dd-065032c99663,2026-08-05T11:27:13.462207+00:00,send,916.45,fraud_demo_008,fraud_demo_029,False,0.009091024521611429,0,0,0.7789313934457968
8749600c-6a2c-4166-bed9-db0a50b38f2c,2026-08-05T11:58:13.462207+00:00,send,606.72,fraud_demo_009,fraud_demo_035,False,0.00599824774289631,0,0,0.44643277607723103
d4b30e6d-ca59-4bb2-af71-c487b69cd216,2026-08-05T12:29:13.462207+00:00,send,471.16,fraud_demo_010,fraud_demo_016,False,0.004805242156525286,0,0,0.4894163161855343
38b53db3-02cd-4d1b-b883-c3d9a15a0fc3,2026-08-05T12:53:13.462207+00:00,send,540.62,fraud_demo_011,fraud_demo_019,False,0.005574146813842343,0,0,0.4888060188808329
3682e543-1685-46a5-85e5-513917639b1f,2026-08-05T13:18:13.462207+00:00,send,900.47,fraud_demo_012,fraud_demo_006,False,0.009247876614735105,0,0,0.6560551834902862
b8f66465-135f-4731-aecf-0022e9c9f240,2026-08-05T13:34:13.462207+00:00,send,393.02,fraud_demo_013,fraud_demo_010,False,0.0038440291669698716,0,0,0.3135681118256235
08747a51-067f-4bc8-87f5-9ff345f3a7bc,2026-08-05T13:54:13.462207+00:00,send,1271.25,fraud_demo_014,fraud_demo_038,False,0.012957098930775611,0,0,1.1063850979246908
63da026b-fc33-47fc-a714-4660b59266ba,2026-08-05T14:27:13.462207+00:00,send,721.97,fraud_demo_015,fraud_demo_038,False,0.007140411443251845,0,0,0.671733305214058
a58c6471-98d1-4656-a3e5-bed2a4ba4661,2026-08-05T14:48:13.462207+00:00,send,826.84,fraud_demo_016,fraud_demo_036,False,0.008155465559570729,0,0,0.7780192895789226
e7893065-d13b-49b6-b705-e0403bb3e065,2026-08-05T15:05:13.462207+00:00,send,779.95,fraud_demo_017,fraud_demo_021,False,0.008051246371545487,0,0,0.6742481219257069
82a78b14-5f07-4d54-bf0b-9656d0573a9e,2026-08-05T15:34:13.462207+00:00,send,773.82,fraud_demo_018,fraud_demo_030,False,0.007168922329819158,0,0,0.8407228566599871
0368649c-de02-4de9-8d05-537d90fedf1f,2026-08-05T15:59:13.462207+00:00,send,704.41,fraud_demo_019,fraud_demo_040,False,0.006803589702231274,0,0,0.6241351269399343
11a22c13-8c9e-4677-9af1-6803f0e9c99e,2026-08-05T16:26:13.462207+00:00,send,977.93,fraud_demo_020,fraud_demo_034,False,0.009618796907286259,0,0,1.51674013669216
3ad2fd2a-e6c2-40ac-bd27-f8cc739d1dcf,2026-08-05T16:39:13.462207+00:00,send,670.67,fraud_demo_021,fraud_demo_008,False,0.006999493722038474,0,0,0.5082292139410386
e3874d51-8ef9-4afc-b676-35df39f73afd,2026-08-05T17:13:13.462207+00:00,send,651.05,fraud_demo_022,fraud_demo_004,False,0.006206612461329622,0,0,0.5221153537708108
9d8cbe78-b608-437d-a1e5-39be2eca9a71,2026-08-05T17:29:13.462207+00:00,send,1161.57,fraud_demo_023,fraud_demo_016,False,0.01160927542697871,0,0,1.0717919433087142
2dc12bb3-ff2b-4fb8-9ec4-fdcb65c7ccbc,2026-08-05T17:50:13.462207+00:00,send,1829.14,fraud_demo_024,fraud_demo_033,False,0.017359506948016575,0,0,1.7760135157003505
d05b680a-cea0-49d2-80fc-539c46f650bb,2026-08-05T18:18:13.462207+00:00,send,1047.54,fraud_demo_025,fraud_demo_027,False,0.010624868525442215,0,0,1.1502201530640255
c2d861cc-48e4-4510-82f6-c2ab98300a45,2026-08-05T18:51:13.462207+00:00,send,775.74,fraud_demo_026,fraud_demo_039,False,0.007865366310267784,0,0,0.8748881587356485
8c681726-d579-4393-a2b9-4479c4db657f,2026-08-05T19:15:13.462207+00:00,send,2548.91,fraud_demo_027,fraud_demo_040,False,0.02609251818479335,0,0,2.33649174697654
44709ecb-3402-4bf9-a168-d34417347e98,2026-08-05T19:37:13.462207+00:00,send,1126.11,fraud_demo_028,fraud_demo_019,False,0.011898505309110088,0,0,0.9902353997535888
5edad445-6c7b-48f1-9d8e-3dbd87c1734d,2026-08-05T20:00:13.462207+00:00,send,1329.61,fraud_demo_029,fraud_demo_009,False,0.013165933680078538,0,0,1.3993668843318487
a61f52a5-ebc7-4816-93b8-259fe7ede4cf,2026-08-05T20:29:13.462207+00:00,send,974.91,fraud_demo_030,fraud_demo_004,False,0.009252826501174786,0,0,0.6875941855899866
25f108b4-02de-4b04-9ed8-cbd90aa89451,2026-08-05T20:53:13.462207+00:00,send,398.74,fraud_demo_031,fraud_demo_019,False,0.004016245073744138,0,0,0.4380560139839654
04e0294d-1159-4839-a2db-a522bd5db82d,2026-08-05T21:03:13.462207+00:00,send,2027.78,fraud_demo_032,fraud_demo_018,False,0.02103507751509778,0,0,2.251660057691786
b9365427-d1b8-49f1-9a51-18fa959a1851,2026-08-05T21:34:13.462207+00:00,send,1881.05,fraud_demo_033,fraud_demo_009,False,0.018426340287157235,0,0,1.8076146505894424
8e414366-6429-49b1-b6d2-1ee1bd920985,2026-08-05T22:04:13.462207+00:00,send,503.48,fraud_demo_034,fraud_demo_037,False,0.0050870922561377435,0,0,0.7525322058049334
4ab06ff2-a8d2-4b43-a7c3-9bf477587733,2026-08-05T22:26:13.462207+00:00,send,665.58,fraud_demo_035,fraud_demo_003,False,0.0071876299935335316,0,0,0.3818449893769399
530d2383-2329-4fde-a02c-5eb0774d9977,2026-08-05T22:46:13.462207+00:00,send,1104.27,fraud_demo_036,fraud_demo_010,False,0.01125428850183648,0,0,1.0981423655999523
e3bfc6ee-776d-467c-8941-dc9fd987ab8d,2026-08-05T23:10:13.462207+00:00,send,1239.21,fraud_demo_037,fraud_demo_021,False,0.011127765508479645,0,0,2.3184616056227356
7470b272-0cb4-4d08-951e-8213916cdb66,2026-08-05T23:42:13.462207+00:00,send,1741.23,fraud_demo_038,fraud_demo_033,False,0.016514677721787673,0,0,2.5737788113796944
58de3118-dbc3-48a9-a8e4-549d97f37cbf,2026-08-05T23:58:13.462207+00:00,send,876.48,fraud_demo_039,fraud_demo_020,False,0.00900870158675994,0,0,0.7712483097852071
67bd0392-1f42-4a6b-b2b0-fa898fc76f7a,2026-08-06T00:12:13.462207+00:00,send,2488.37,fraud_demo_040,fraud_demo_008,False,0.02448412640235154,0,0,2.226463658325628
f716b994-12e1-4f50-b70d-1bfc6c7eb47c,2026-08-06T00:54:13.462207+00:00,send,433.51,fraud_demo_001,fraud_demo_040,False,0.004260334955826701,0,0,0.4172714637179522
8877935f-d2bf-461c-9ba0-e3e4a14cb247,2026-08-06T01:12:13.462207+00:00,send,863.70,fraud_demo_002,fraud_demo_038,False,0.009253509519640327,0,0,0.8473246046897657
866b1f41-31c9-4ccc-ac22-3abbaa933296,2026-08-06T01:42:13.462207+00:00,send,1340.10,fraud_demo_003,fraud_demo_011,False,0.013854728503769958,0,0,1.5141380564889533
c935c62d-abb1-456c-b1e8-60247dc7f26f,2026-08-06T02:01:13.462207+00:00,send,532.74,fraud_demo_004,fraud_demo_009,False,0.005365393964279251,0,0,0.48712912570224715
b0dbbae4-3908-461a-8bc3-d0019492cd82,2026-08-06T02:28:13.462207+00:00,send,809.84,fraud_demo_005,fraud_demo_011,False,0.008147523865643123,0,0,0.9576493459499986
a51fa7b0-b4f2-4331-bbc8-4ba9b4fd2e57,2026-08-06T02:51:13.462207+00:00,send,596.38,fraud_demo_006,fraud_demo_032,False,0.005284852841510065,0,0,0.55718535349383
b9c01115-3098-4e1a-9c33-296938cbe06b,2026-08-06T03:17:13.462207+00:00,send,827.56,fraud_demo_007,fraud_demo_035,False,0.008059594799771327,0,0,0.8558589770770526
4a060909-f876-490d-aa60-5de116052d52,2026-08-06T03:32:13.462207+00:00,send,3145.83,fraud_demo_008,fraud_demo_024,False,0.030526979846155496,0,0,2.734225205947131
e6028632-2458-4312-8be2-ede457e7d69c,2026-08-06T04:05:13.462207+00:00,send,610.72,fraud_demo_009,fraud_demo_032,False,0.005856190779568,0,0,0.4757097634537252
e01e118f-3c95-4826-8626-0821011cfef7,2026-08-06T04:18:13.462207+00:00,send,686.37,fraud_demo_010,fraud_demo_021,False,0.006927615566741873,0,0,0.7513267012864185
902fbbb0-6531-4d4c-a714-d7a593fd48b5,2026-08-06T04:44:13.462207+00:00,send,688.77,fraud_demo_011,fraud_demo_033,False,0.006985754849367662,0,0,0.6563070827651855
e17e7edf-73fe-4e2c-9534-2a9fddf09ed4,2026-08-06T05:12:13.462207+00:00,send,297.89,fraud_demo_012,fraud_demo_020,False,0.0030879032951076284,0,0,0.2247642876113673
0b56369a-9c6d-428d-bdd8-ca8d698cbb03,2026-08-06T05:33:13.462207+00:00,send,1346.24,fraud_demo_013,fraud_demo_027,False,0.013218043320353952,0,0,1.153250455735413
a631554e-e5b8-4d84-b21f-31d2c1d16c03,2026-08-06T05:56:13.462207+00:00,send,692.31,fraud_demo_014,fraud_demo_006,False,0.007148935590187585,0,0,0.5961837214829715
2b041516-370d-470f-9f81-988cc795f83a,2026-08-06T06:20:13.462207+00:00,send,548.37,fraud_demo_015,fraud_demo_032,False,0.005462480992584308,0,0,0.5275299301109663
da4e0851-a5d7-4262-8ccf-401bb798544b,2026-08-06T06:43:13.462207+00:00,send,1471.04,fraud_demo_016,fraud_demo_009,False,0.014461730543307813,0,0,1.415606273919583
1df850b4-74db-4917-b3ff-26bbc60a2b95,2026-08-06T07:15:13.462207+00:00,send,511.18,fraud_demo_017,fraud_demo_004,False,0.005319624427314095,0,0,0.4567826658850779
302ee44d-3a8b-4a96-a49a-337ab8085037,2026-08-06T07:41:13.462207+00:00,send,1094.67,fraud_demo_018,fraud_demo_007,False,0.010024921500433126,0,0,1.2085625142145509
f34e7013-3126-4725-ad78-c5611af54239,2026-08-06T08:03:13.462207+00:00,send,232.29,fraud_demo_019,fraud_demo_011,False,0.0022259490133197594,0,0,0.21385623418219718
b4dca26c-32c5-45a1-aa9e-bd2bb59be4ff,2026-08-06T08:21:13.462207+00:00,send,1606.67,fraud_demo_020,fraud_demo_032,False,0.015772529703015008,0,0,2.369457655864027
c87593d6-eaa9-44f5-8378-2c50a60c1b50,2026-08-06T08:38:13.462207+00:00,send,724.01,fraud_demo_021,fraud_demo_022,False,0.007458496717482639,0,0,0.5770263786675337
44ac948c-8ab7-4f1f-b6a5-b5f7b70a4ec9,2026-08-06T09:01:13.462207+00:00,send,341.42,fraud_demo_022,fraud_demo_038,False,0.003252574685038413,0,0,0.2875462055641227
20de928a-0a44-498a-88fb-3cfbc065e7e4,2026-08-06T09:25:13.462207+00:00,send,557.19,fraud_demo_023,fraud_demo_012,False,0.005634227515039624,0,0,0.510459944390749
b48d0058-f9c3-4c8d-8eba-13e898f089d7,2026-08-06T09:57:13.462207+00:00,send,1253.78,fraud_demo_024,fraud_demo_027,False,0.011752179713547063,0,0,1.1296984419319611
20b8de6c-e203-47c0-b713-579eae2bc861,2026-08-06T10:16:13.462207+00:00,send,973.34,fraud_demo_025,fraud_demo_003,False,0.009978299397779583,0,0,1.05292991970022
c3d6644c-e5fb-467a-a8c1-2dc7ae135095,2026-08-06T10:39:13.462207+00:00,send,864.90,fraud_demo_026,fraud_demo_034,False,0.008838896622824076,0,0,0.9878023709997942
c2be8e7f-b64e-4215-b811-0722d68671f0,2026-08-06T11:08:13.462207+00:00,send,498.43,fraud_demo_027,fraud_demo_022,False,0.0050996280892381205,0,0,0.40302802671274585
c5ccf4d7-e2f2-4f69-b43e-38c1c03cebfe,2026-08-06T11:33:13.462207+00:00,send,449.60,fraud_demo_028,fraud_demo_012,False,0.004807688708999777,0,0,0.39573841831381634
80e8e56a-2fd7-4c2d-9c20-5996a381b846,2026-08-06T12:00:13.462207+00:00,send,1100.97,fraud_demo_029,fraud_demo_038,False,0.011047365994357766,0,0,1.114232711970586
00df8316-5431-4bbe-9b5d-5a0c11d4705b,2026-08-06T12:15:13.462207+00:00,send,912.13,fraud_demo_030,fraud_demo_028,False,0.008737834036810731,0,0,0.6640617605903483
f5704f54-d4e2-40a5-bb6b-202dbefe152e,2026-08-06T12:43:13.462207+00:00,send,2142.57,fraud_demo_031,fraud_demo_012,False,0.021667717571413912,0,0,2.493976240196113
6a9822dd-b820-4ec8-b0a8-5a36b7d9e607,2026-08-06T13:08:13.462207+00:00,send,668.31,fraud_demo_032,fraud_demo_001,False,0.006838029927878945,0,0,0.659543349794531
2510866d-b134-433f-a570-49f7c1400d62,2026-08-06T13:24:13.462207+00:00,send,457.45,fraud_demo_033,fraud_demo_022,False,0.004457109106075105,0,0,0.40674225638143874
dd35f096-be85-44cc-a149-6c034fddda70,2026-08-06T13:49:13.462207+00:00,send,1439.39,fraud_demo_034,fraud_demo_017,False,0.01449048196036221,0,0,2.2059921133011797
be9de6af-7b0a-4018-957c-fd8fc8767827,2026-08-06T14:28:13.462207+00:00,send,863.63,fraud_demo_035,fraud_demo_008,False,0.009310095842360845,0,0,0.528112320867845
b5409de2-a670-4d96-ab82-02a1e9d5857a,2026-08-06T14:45:13.462207+00:00,send,1475.81,fraud_demo_036,fraud_demo_020,False,0.015212080194063518,0,0,1.4533570863726293
3e33294d-6694-4ec7-8cc4-6e08bfc95497,2026-08-06T15:04:13.462207+00:00,send,1031.23,fraud_demo_037,fraud_demo_024,False,0.009364366697277957,0,0,1.704602557490644
d0339802-d503-4890-935c-883e077d3e1c,2026-08-06T15:41:13.462207+00:00,send,1065.07,fraud_demo_038,fraud_demo_031,False,0.010047815022166002,0,0,1.3602478681272085
fea7fc75-5b85-43b0-a5dd-1b696b3af50a,2026-08-06T15:54:13.462207+00:00,send,3060.51,fraud_demo_039,fraud_demo_031,False,0.03174272103046669,0,0,2.756106324750304
9c82befc-b61e-409d-a0f3-dc2bcdee15c5,2026-08-06T16:14:13.462207+00:00,send,1367.85,fraud_demo_040,fraud_demo_016,False,0.013736590668277074,0,0,1.090174837631415
d0235290-e9f0-4594-ac63-470bf224d331,2026-08-06T16:38:13.462207+00:00,send,757.77,fraud_demo_001,fraud_demo_035,False,0.0074298671895429436,0,0,0.7701861001028397
21d0fc9a-3000-404b-81bb-8cfcab6f103f,2026-08-06T17:17:13.462207+00:00,send,1445.86,fraud_demo_002,fraud_demo_038,False,0.01563533738074738,0,0,1.438411642983243
e8db1ccd-e908-492f-8afd-fd49ddaa1a45,2026-08-06T17:42:13.462207+00:00,send,756.24,fraud_demo_003,fraud_demo_011,False,0.007848204940018684,0,0,0.8162988142106317
294118ee-3e0d-4a33-9919-017207647d7e,2026-08-06T17:49:13.462207+00:00,send,408.18,fraud_demo_004,fraud_demo_033,False,0.0041118034183634565,0,0,0.39148631186862737
5676f1f6-7a83-4b11-8459-1bb4613c9581,2026-08-06T18:30:13.462207+00:00,send,495.68,fraud_demo_005,fraud_demo_031,False,0.005027831697878113,0,0,0.5884153250784018
c3d4c9de-51b0-47c7-bf7b-f0a6c561a045,2026-08-06T18:45:13.462207+00:00,send,1063.73,fraud_demo_006,fraud_demo_004,False,0.009418293143876065,0,0,1.035505875314828
ea6622d1-bbf5-4b25-838a-ea9add834d01,2026-08-06T19:06:13.462207+00:00,send,525.90,fraud_demo_007,fraud_demo_002,False,0.005108443443974829,0,0,0.5511050394830479
84cdca61-029e-4221-bf3a-e24e4e16bbc4,2026-08-06T19:26:13.462207+00:00,send,446.28,fraud_demo_008,fraud_demo_039,False,0.004428760106942031,0,0,0.33506311082838897
e117639e-9064-423c-88b5-d071f1ce16dd,2026-08-06T19:52:13.462207+00:00,send,425.21,fraud_demo_009,fraud_demo_036,False,0.004043975198803499,0,0,0.3477864196062102
adcd0eba-c047-47f3-abbc-7d07224f59bd,2026-08-06T20:26:13.462207+00:00,send,301.86,fraud_demo_010,fraud_demo_028,False,0.003067963221436592,0,0,0.3380700705878041
caf5d673-4035-4638-9d3e-c1dfb09b1772,2026-08-06T20:53:13.462207+00:00,send,620.28,fraud_demo_011,fraud_demo_026,False,0.006272035748217421,0,0,0.6101078384033478
bd6c7769-aa52-44cf-8f25-b15decb0a729,2026-08-06T21:05:13.462207+00:00,send,1121.15,fraud_demo_012,fraud_demo_009,False,0.011288094234619586,0,0,0.9100693437470714
99e89a2c-55ad-4780-9367-2f54b3f16310,2026-08-06T21:31:13.462207+00:00,send,799.81,fraud_demo_013,fraud_demo_036,False,0.007958116829425604,0,0,0.6757393422879824
e2b70840-4503-464f-becf-30f64f5ccacc,2026-08-06T22:01:13.462207+00:00,send,792.93,fraud_demo_014,fraud_demo_001,False,0.00824691509025397,0,0,0.7088552557687448
8a9fb55f-8466-40ad-ae88-b0c7a0634ce5,2026-08-06T22:26:13.462207+00:00,send,774.43,fraud_demo_015,fraud_demo_036,False,0.007756704521871378,0,0,0.778433981333075
dbbbd495-edcf-4430-ba91-9f7fcbd2e6e6,2026-08-06T22:39:13.462207+00:00,send,601.25,fraud_demo_016,fraud_demo_024,False,0.005916865117420614,0,0,0.5575281366779542
3d7a9e7e-226a-402d-8f84-62a578435154,2026-08-06T23:00:13.462207+00:00,send,1484.45,fraud_demo_017,fraud_demo_003,False,0.01530022327019198,0,0,1.3953910678974473
47d9b8f7-a292-40ab-abdf-76960b0fd027,2026-08-06T23:25:13.462207+00:00,send,659.55,fraud_demo_018,fraud_demo_016,False,0.006101283808910622,0,0,0.7146220212385579
a70ebba7-805d-418d-a631-c5d96dca862c,2026-08-06T23:49:13.462207+00:00,send,1225.31,fraud_demo_019,fraud_demo_030,False,0.011767886503680255,0,0,1.2148994164549956
75f026e4-37a4-48e3-876e-44e71669d82a,2026-08-07T00:19:13.462207+00:00,send,1312.52,fraud_demo_020,fraud_demo_016,False,0.012901460295267413,0,0,1.7213541231987906
0734fb09-1a94-4c6d-876f-251d39f8b704,2026-08-07T00:45:13.462207+00:00,send,386.22,fraud_demo_021,fraud_demo_036,False,0.004008600920228302,0,0,0.3201215859522111
46634aea-9eab-4354-bd6a-7cf6d5de7d3d,2026-08-07T01:10:13.462207+00:00,send,2723.80,fraud_demo_022,fraud_demo_015,False,0.025797564603066706,0,0,2.4528714309221704
7630e7df-eeab-4bd9-ac30-79b7c774e0e2,2026-08-07T01:34:13.462207+00:00,send,1190.50,fraud_demo_023,fraud_demo_038,False,0.012106379945285876,0,0,1.1414548002900815
a77d7d76-38fa-449f-a7df-5d22e8d604c5,2026-08-07T02:04:13.462207+00:00,send,721.75,fraud_demo_024,fraud_demo_016,False,0.006741320742186956,0,0,0.6427428769427809
2d494e63-ea80-44ba-a962-d239df44740a,2026-08-07T02:29:13.462207+00:00,send,802.30,fraud_demo_025,fraud_demo_015,False,0.00830776182911173,0,0,0.8637478040019769
86a2ec87-a24a-47af-b0d8-55a114230be0,2026-08-07T02:51:13.462207+00:00,send,1104.93,fraud_demo_026,fraud_demo_039,False,0.011320196838422178,0,0,1.263341544794038
504a2720-14bf-4f38-acaa-cc2de678eab3,2026-08-07T03:10:13.462207+00:00,send,1909.83,fraud_demo_027,fraud_demo_004,False,0.019640360193076783,0,0,1.6328966636508633
fe8a013e-2798-4c4a-8366-aecc9257d41f,2026-08-07T03:29:13.462207+00:00,send,793.43,fraud_demo_028,fraud_demo_027,False,0.008415564238322654,0,0,0.7389718084710057
d198da2d-22fe-4906-9b13-20e58c9d0049,2026-08-07T03:57:13.462207+00:00,send,760.64,fraud_demo_029,fraud_demo_036,False,0.007717682812002833,0,0,0.7618908863097048
ddd0e232-2492-4ee4-8e16-9014ce92c25e,2026-08-07T04:29:13.462207+00:00,send,5581.88,fraud_demo_030,fraud_demo_010,False,0.05331219392226012,0,0,4.191816490587292
a7501048-5261-4de7-8257-a8f7fa8ca6b9,2026-08-07T04:42:13.462207+00:00,send,569.07,fraud_demo_031,fraud_demo_035,False,0.005614248532039803,0,0,0.5831966124907417
85cfa772-2bc7-441e-a83b-bb99d895e4e0,2026-08-07T05:08:13.462207+00:00,send,1166.50,fraud_demo_032,fraud_demo_022,False,0.012017598750870283,0,0,1.1879665556607906
f0516202-bd72-49df-9ee8-8ba647803727,2026-08-07T05:26:13.462207+00:00,send,1356.52,fraud_demo_033,fraud_demo_025,False,0.013223437610274925,0,0,1.2749106511974833
001822d2-af7b-4d6b-b3d5-a2d10bcdb227,2026-08-07T06:05:13.462207+00:00,send,1802.61,fraud_demo_034,fraud_demo_013,False,0.018413879734721476,0,0,2.4896990319299874
4b1a22fd-8af9-4ee5-904e-a15d9021d82c,2026-08-07T06:22:13.462207+00:00,send,773.59,fraud_demo_035,fraud_demo_014,False,0.008298011444238433,0,0,0.4942556041257425
a8ccea15-480f-4485-b877-9d9762228bb2,2026-08-07T06:42:13.462207+00:00,send,874.58,fraud_demo_036,fraud_demo_020,False,0.008862235596156546,0,0,0.8271824458526436
0fe5c7a7-6540-4e55-b7fa-8592dd6e9b6b,2026-08-07T07:09:13.462207+00:00,send,2152.66,fraud_demo_037,fraud_demo_026,False,0.019732602546448607,0,0,3.3440984280269057
1f930044-646b-4e78-a979-2625dbc790fe,2026-08-07T07:33:13.462207+00:00,send,820.04,fraud_demo_038,fraud_demo_025,False,0.007623212292852796,0,0,1.014097744360902
63d4965e-09ff-47a1-8dde-96d4599c0b8d,2026-08-07T08:02:13.462207+00:00,send,290.01,fraud_demo_039,fraud_demo_017,False,0.0030557340347089914,0,0,0.2252110486566165
d765d9db-a3a8-4812-bee1-1b509f54f488,2026-08-07T08:22:13.462207+00:00,send,2513.17,fraud_demo_040,fraud_demo_007,False,0.025589949460977507,0,0,1.9867070741333763
92dfe7a4-481b-4bde-9584-279644ab8f1a,2026-08-07T08:54:13.462207+00:00,send,729.12,fraud_demo_001,fraud_demo_015,False,0.007146492811017548,0,0,0.7555360590789296
7094a22f-6743-46fd-9869-f4b8b175320f,2026-08-07T09:13:13.462207+00:00,send,1013.26,fraud_demo_002,fraud_demo_016,False,0.01106736031998637,0,0,0.9725102016984968
8f02222f-7395-4ef9-ad46-3192518106b3,2026-08-07T09:36:13.462207+00:00,send,550.38,fraud_demo_003,fraud_demo_020,False,0.005668962384593953,0,0,0.6033258670018599
6d020266-49b7-4917-a1b0-e13ab08c1b7f,2026-08-07T09:58:13.462207+00:00,send,1682.78,fraud_demo_004,fraud_demo_038,False,0.01652446210164629,0,0,1.7001727674106106
9847e798-457a-4470-bece-86e5719d07fd,2026-08-07T10:27:13.462207+00:00,send,1459.61,fraud_demo_005,fraud_demo_018,False,0.014880078865101018,0,0,1.7942237601489848
9117882e-3a8d-4438-91fb-055c0b5dba62,2026-08-07T10:51:13.462207+00:00,send,294.20,fraud_demo_006,fraud_demo_031,False,0.002629621009223874,0,0,0.28554905346765286
c134b20e-0ecb-4ef5-a234-6a0d52f52cbc,2026-08-07T11:01:13.462207+00:00,send,2119.90,fraud_demo_007,fraud_demo_013,False,0.020202129938605498,0,0,2.3078325762668506
fb84f7bf-3cad-494e-8e7b-9da0bd61f13c,2026-08-07T11:31:13.462207+00:00,send,1372.59,fraud_demo_008,fraud_demo_035,False,0.01368179945581407,0,0,1.0909813485552895
11404b5e-eae5-4eba-a7a7-0808e94f318d,2026-08-07T12:03:13.462207+00:00,send,905.63,fraud_demo_009,fraud_demo_005,False,0.008556394370199944,0,0,0.7833034573277661
e361f7fa-741f-4fcf-bb58-5ec300ef1937,2026-08-07T12:20:13.462207+00:00,send,824.62,fraud_demo_010,fraud_demo_033,False,0.007954198969567484,0,0,0.9774558040710533
b55429ff-707e-4174-9728-fda4f7dd3b90,2026-08-07T12:41:13.462207+00:00,send,2222.66,fraud_demo_011,fraud_demo_036,False,0.02261654542968037,0,0,2.2596275059981292
b16250ec-8481-4358-bbf9-a236f96c664c,2026-08-07T13:07:13.462207+00:00,send,2057.69,fraud_demo_012,fraud_demo_007,False,0.020954007171667784,0,0,1.6828975060794085
e86fff1a-73fa-4598-bfcf-7655226dd4a2,2026-08-07T13:35:13.462207+00:00,send,1044.38,fraud_demo_013,fraud_demo_014,False,0.010078444299992132,0,0,0.9068757240679649
194a4e31-7975-4c7e-9024-a5f3d97701ab,2026-08-07T14:00:13.462207+00:00,send,1214.59,fraud_demo_014,fraud_demo_019,False,0.012499161295872998,0,0,1.112805399462497
18359db1-dce3-460f-8e0b-6075864ad3d4,2026-08-07T14:14:13.462207+00:00,send,395.97,fraud_demo_015,fraud_demo_031,False,0.003832429982442077,0,0,0.4055044227396664
f4942970-aa6c-494d-ae67-410d61cf4966,2026-08-07T14:53:13.462207+00:00,send,484.01,fraud_demo_016,fraud_demo_003,False,0.004621849782672505,0,0,0.46599614245323284
cacffc02-8b5c-4908-8622-add5b4ff978c,2026-08-07T15:13:13.462207+00:00,send,483.02,fraud_demo_017,fraud_demo_032,False,0.005040540757711136,0,0,0.4395583061780562
fbf21356-66dd-4a24-b286-ab8d6223d10f,2026-08-07T15:27:13.462207+00:00,send,1390.57,fraud_demo_018,fraud_demo_023,False,0.01276920734624509,0,0,1.5433857696747268
d544b962-c6ee-479a-92e7-11dbbd56ca68,2026-08-07T16:06:13.462207+00:00,send,1500.37,fraud_demo_019,fraud_demo_035,False,0.01441104851214763,0,0,1.4614503590628567
aaeaa6b9-7a1a-4a00-b4c0-fe0c21fd679a,2026-08-07T16:29:13.462207+00:00,send,1143.46,fraud_demo_020,fraud_demo_032,False,0.011227270486827944,0,0,1.4145984408150978
3b769883-5dd3-4ab3-af9f-e037d86e77dd,2026-08-07T16:46:13.462207+00:00,send,1076.84,fraud_demo_021,fraud_demo_038,False,0.011221570792736802,0,0,0.9461533561437715
7233c105-53a6-4a28-b9d3-6e268fae6e55,2026-08-07T17:12:13.462207+00:00,send,2055.92,fraud_demo_022,fraud_demo_002,False,0.019763461762702144,0,0,1.651475119470854
515e62ee-de47-48e0-9c68-46a58df95ab7,2026-08-07T17:42:13.462207+00:00,send,581.53,fraud_demo_023,fraud_demo_005,False,0.0059016619704445,0,0,0.5510765892187878
646a66e3-421e-470d-87e6-5437c0d5390a,2026-08-07T18:00:13.462207+00:00,send,1291.52,fraud_demo_024,fraud_demo_026,False,0.012144984514091538,0,0,1.185434480479796
86f0272d-372c-4d6b-926c-638cf93557ed,2026-08-07T18:14:13.462207+00:00,send,2169.43,fraud_demo_025,fraud_demo_009,False,0.02214910982106576,0,0,2.362409310556047
a606f1cf-7aee-4716-8596-3a5096d0451c,2026-08-07T18:39:13.462207+00:00,send,1279.28,fraud_demo_026,fraud_demo_034,False,0.012799684950534889,0,0,1.4312781626813527
05fb24f0-ed69-43fe-be67-a76d2d6a51e7,2026-08-07T19:12:13.462207+00:00,send,682.99,fraud_demo_027,fraud_demo_029,False,0.007105325878631143,0,0,0.5546980485794284
38c9103e-5e84-4d52-875b-20bc66736975,2026-08-07T19:38:13.462207+00:00,send,487.48,fraud_demo_028,fraud_demo_021,False,0.005214368544012627,0,0,0.46411674958961674
5fc85548-ff9f-4b2d-8c47-39df51fbbb74,2026-08-07T20:00:13.462207+00:00,send,505.78,fraud_demo_029,fraud_demo_033,False,0.005135842725300855,0,0,0.5168676730326726
cbeeec58-aa90-4d59-b818-f6d19c1ad8e1,2026-08-07T20:24:13.462207+00:00,send,438.77,fraud_demo_030,fraud_demo_028,False,0.0044266603658782025,0,0,0.2602736678822104
f81fd09f-f7a6-4e4f-85cc-4abff7d1a088,2026-08-07T20:43:13.462207+00:00,send,1292.65,fraud_demo_031,fraud_demo_006,False,0.012737621454031052,0,0,1.372407459509388
b73484a5-68a9-447c-850d-358353addf66,2026-08-07T21:12:13.462207+00:00,send,1549.29,fraud_demo_032,fraud_demo_005,False,0.015885924117024837,0,0,1.5534675331077823
15483efe-3e25-465d-925a-f5110daab58e,2026-08-07T21:33:13.462207+00:00,send,776.91,fraud_demo_033,fraud_demo_021,False,0.007575293686328962,0,0,0.713817459314812
5ef5037b-7e05-4a9e-a033-90c488afbd21,2026-08-07T21:52:13.462207+00:00,send,749.19,fraud_demo_034,fraud_demo_029,False,0.007694198956647768,0,0,0.9204835510924131
f3e9ce3f-6729-441b-8fe5-c59ab27d4026,2026-08-07T22:29:13.462207+00:00,send,525.76,fraud_demo_035,fraud_demo_006,False,0.005515428639526204,0,0,0.35069428811080594
7d448271-1321-4ebd-ba2f-27580e96000d,2026-08-07T22:47:13.462207+00:00,send,821.31,fraud_demo_036,fraud_demo_033,False,0.00821028879711587,0,0,0.7881499062765897
d98f8f1c-face-441d-ae18-c41c3b8653f6,2026-08-07T23:10:13.462207+00:00,send,345.42,fraud_demo_037,fraud_demo_036,False,0.003230069362985661,0,0,0.4489097932868869
8f43e37b-bc9f-45a2-99d4-a2ab32001b68,2026-08-07T23:26:13.462207+00:00,send,409.55,fraud_demo_038,fraud_demo_025,False,0.003739805935529964,0,0,0.5058733432972246
363766b0-5b8f-4452-812e-f5e8b9301035,2026-08-08T00:00:13.462207+00:00,send,974.34,fraud_demo_039,fraud_demo_036,False,0.010297747303042663,0,0,0.808861161439752
9071b0a1-608a-476d-b785-ab37d99dde09,2026-08-08T00:27:13.462207+00:00,send,551.37,fraud_demo_040,fraud_demo_011,False,0.0057616774102264776,0,0,0.40275162846076445
9d4bb91d-e1a0-4b1c-b7b6-5ef92da04461,2026-08-08T00:49:13.462207+00:00,send,433.15,fraud_demo_001,fraud_demo_011,False,0.004276092531029188,0,0,0.45744527018025016
9d5a7be7-47f3-44f3-95bd-ce278c37cf10,2026-08-08T01:08:13.462207+00:00,send,883.49,fraud_demo_002,fraud_demo_021,False,0.009541283175098515,0,0,0.8497559943415547
23e62014-8a88-416f-a770-767e0d81c4ae,2026-08-08T01:30:13.462207+00:00,send,1357.48,fraud_demo_003,fraud_demo_017,False,0.013991728318788938,0,0,1.5349029772207388
27614dcd-0e52-4a9e-9392-132372098065,2026-08-08T02:00:13.462207+00:00,send,526.73,fraud_demo_004,fraud_demo_031,False,0.005259258068487475,0,0,0.504976393840127
10a7df1b-dc3e-40a2-9bb2-88082ed69667,2026-08-08T02:22:13.462207+00:00,send,1509.88,fraud_demo_005,fraud_demo_023,False,0.01514903571734228,0,0,1.749154983170954
cb8e0c2b-554a-4530-be55-59df231dd5ef,2026-08-08T02:40:13.462207+00:00,send,385.66,fraud_demo_006,fraud_demo_030,False,0.0034007783713811183,0,0,0.39608777231340486
c235be30-b9ce-45ac-8b8b-f044cdb239b4,2026-08-08T03:12:13.462207+00:00,send,594.92,fraud_demo_007,fraud_demo_021,False,0.005672805594844088,0,0,0.5884600664550917
3f6a587d-112c-4b6b-bb80-7a402ebc9b33,2026-08-08T03:39:13.462207+00:00,send,471.03,fraud_demo_008,fraud_demo_022,False,0.004760295479300904,0,0,0.37178872233771787
f060f447-1664-4484-bbbf-c24392b6e9ee,2026-08-08T03:56:13.462207+00:00,send,1332.31,fraud_demo_009,fraud_demo_038,False,0.012439139889836527,0,0,1.1718844302026301
bbbafd39-203c-4502-8d66-67b58764302d,2026-08-08T04:12:13.462207+00:00,send,244.79,fraud_demo_010,fraud_demo_027,False,0.0023801511399376986,0,0,0.29066365615086925
3523bcf5-284e-47a6-8184-211fb9925d5f,2026-08-08T04:45:13.462207+00:00,send,1523.60,fraud_demo_011,fraud_demo_031,False,0.0157011141030754,0,0,1.4121146357495968
b8d2c45d-c2b5-46e3-9164-d22550eea150,2026-08-08T05:09:13.462207+00:00,send,756.56,fraud_demo_012,fraud_demo_005,False,0.007869142738152961,0,0,0.5878768715440428
cdaef54b-1290-47ab-bca1-160e1f70632b,2026-08-08T05:37:13.462207+00:00,send,681.38,fraud_demo_013,fraud_demo_017,False,0.00664237750673275,0,0,0.5959376663009027
2c852dcd-686b-4538-a457-eefc69dd367b,2026-08-08T06:04:13.462207+00:00,send,868.96,fraud_demo_014,fraud_demo_026,False,0.0090555218664446,0,0,0.7892908073467444
c31442ea-716e-4ec9-883a-70fe349550dc,2026-08-08T06:23:13.462207+00:00,send,1093.10,fraud_demo_015,fraud_demo_028,False,0.01062036494570313,0,0,1.173065143777933
deeb0ee8-aa95-48be-9f96-1c061d42c91b,2026-08-08T06:39:13.462207+00:00,send,2525.42,fraud_demo_016,fraud_demo_036,False,0.024227410833252652,0,0,2.535583790100163
05515a2b-5b84-44e9-ba21-b947edee80c4,2026-08-08T07:01:13.462207+00:00,send,1130.65,fraud_demo_017,fraud_demo_016,False,0.011610359358926205,0,0,1.075271059063479
8034fe0f-a161-4425-9c05-baa1ce30fa47,2026-08-08T07:37:13.462207+00:00,send,612.18,fraud_demo_018,fraud_demo_038,False,0.005694184403284951,0,0,0.6521941157525439
d37ab3c1-1845-4b16-833b-3ccc48d00146,2026-08-08T08:06:13.462207+00:00,send,916.84,fraud_demo_019,fraud_demo_007,False,0.008935007768576243,0,0,0.8624436864414752
407603ba-7de1-4934-8079-46db369875d4,2026-08-08T08:26:13.462207+00:00,send,589.60,fraud_demo_020,fraud_demo_038,False,0.0058548288435720025,0,0,0.706863161001162
e764d417-622d-492f-8590-b11eebabbe80,2026-08-08T08:36:13.462207+00:00,send,1109.41,fraud_demo_021,fraud_demo_039,False,0.01136369572652479,0,0,0.9788249618408167
ae483c49-1c1d-4793-8cc7-55d4985b5711,2026-08-08T09:02:13.462207+00:00,send,473.96,fraud_demo_022,fraud_demo_032,False,0.004626644183573401,0,0,0.36255281790627786
74373965-5cea-4df0-b723-0c45832565c2,2026-08-08T09:35:13.462207+00:00,send,2859.69,fraud_demo_023,fraud_demo_008,False,0.028750716332378225,0,0,2.8068626851405134
1521ab2d-6132-44b8-8fd4-45d3ae4fdd33,2026-08-08T10:04:13.462207+00:00,send,451.97,fraud_demo_024,fraud_demo_020,False,0.004302414309637515,0,0,0.40901095060983295
529bd847-8d0b-4e04-9854-17de975f65d1,2026-08-08T10:26:13.462207+00:00,send,766.15,fraud_demo_025,fraud_demo_032,False,0.007965236781127372,0,0,0.755160669579155
dfbe54fe-64e5-408e-8169-4e194303151b,2026-08-08T10:41:13.462207+00:00,send,760.33,fraud_demo_026,fraud_demo_021,False,0.007638752212895266,0,0,0.8233539443444391
7b4e04a3-63f6-462f-8d9f-97a0388ba868,2026-08-08T11:10:13.462207+00:00,send,928.60,fraud_demo_027,fraud_demo_016,False,0.009704712742697508,0,0,0.7809227098829243
9726d0b7-b273-44d2-97e4-97d16ed2288c,2026-08-08T11:36:13.462207+00:00,send,789.07,fraud_demo_028,fraud_demo_037,False,0.008347101125944148,0,0,0.7835519858229164
5d31f25e-c4ae-4ee0-885d-3e8fee3cb0b2,2026-08-08T12:00:13.462207+00:00,send,378.62,fraud_demo_029,fraud_demo_012,False,0.0038351425552328603,0,0,0.4018546156383385
19336bfb-e2bc-4b10-8b67-dc1e037ea022,2026-08-08T12:12:13.462207+00:00,send,826.00,fraud_demo_030,fraud_demo_002,False,0.008337811794793731,0,0,0.5195370710843606
706b6ca8-5de2-436f-bb5f-6a1f38545723,2026-08-08T12:38:13.462207+00:00,send,292.70,fraud_demo_031,fraud_demo_014,False,0.0028628571137940227,0,0,0.3021054729275355
f5eec0dd-e022-41d6-aaa0-ed9e31e27682,2026-08-08T13:14:13.462207+00:00,send,579.28,fraud_demo_032,fraud_demo_038,False,0.00595864211918971,0,0,0.5571227977764329
03baff8f-be41-4d7d-aafe-5ca6f860c642,2026-08-08T13:36:13.462207+00:00,send,965.32,fraud_demo_033,fraud_demo_008,False,0.009408320240773161,0,0,0.9068910992978532
1ccc6e5b-4f3e-49ea-8aca-e78b4f28a38c,2026-08-08T14:02:13.462207+00:00,send,1018.30,fraud_demo_034,fraud_demo_026,False,0.010539054581704687,0,0,1.2588221869324179
b504d889-5c6f-4135-b672-e024892c4da0,2026-08-08T14:21:13.462207+00:00,send,2457.37,fraud_demo_035,fraud_demo_012,False,0.02592174478446946,0,0,1.7252962687127384
ea50c447-4f7e-4057-b4ba-2cb01f8b135d,2026-08-08T14:41:13.462207+00:00,send,534.28,fraud_demo_036,fraud_demo_039,False,0.0051842596375966925,0,0,0.5212022340969173
fea0a892-971a-4f0a-81cd-ac153d160ba9,2026-08-08T15:13:13.462207+00:00,send,1303.89,fraud_demo_037,fraud_demo_024,False,0.012142477924481757,0,0,1.7695571244985122
c48560f7-e187-4318-90b5-c8f6f724ad80,2026-08-08T15:29:13.462207+00:00,send,515.73,fraud_demo_038,fraud_demo_040,False,0.004595915781200082,0,0,0.6621960506211092
da61413c-0cc8-403b-aa79-6cc054cfd400,2026-08-08T15:53:13.462207+00:00,send,1362.45,fraud_demo_039,fraud_demo_032,False,0.0142985088285644,0,0,1.1479338376974244
b615f355-7167-4df4-a4a5-fc607169c326,2026-08-08T16:17:13.462207+00:00,send,577.10,fraud_demo_040,fraud_demo_036,False,0.006032796207837199,0,0,0.44184561817631424
d5fc0e3b-acd5-4544-849a-ed28a802efba,2026-08-08T16:47:13.462207+00:00,send,2096.10,fraud_demo_001,fraud_demo_022,False,0.020781736738890326,0,0,2.302916726504802
11bb5da8-d1c2-4556-9f2c-eb5419eebbe7,2026-08-08T17:12:13.462207+00:00,send,881.79,fraud_demo_002,fraud_demo_001,False,0.009528840088840316,0,0,0.857321433903929
c538316c-1700-4b59-8f41-f58a5b2cf67e,2026-08-08T17:39:13.462207+00:00,send,907.02,fraud_demo_003,fraud_demo_037,False,0.009481438428980157,0,0,0.9878255403826436
957ae618-cdc3-4e4d-bc18-0c3586ba717e,2026-08-08T17:53:13.462207+00:00,send,1282.44,fraud_demo_004,fraud_demo_028,False,0.012872520054467611,0,0,1.274542389124532
469dd665-1e27-4e09-92e1-d876f1ef2193,2026-08-08T18:19:13.462207+00:00,send,1214.76,fraud_demo_005,fraud_demo_007,False,0.012280838501150533,0,0,1.3357870801277143
f61e4fa6-2ead-4c57-ad28-dfc50f6a76c7,2026-08-08T18:54:13.462207+00:00,send,361.62,fraud_demo_006,fraud_demo_020,False,0.003199673254980478,0,0,0.3881408312703503
9d06f253-e628-4734-b1cd-1603b5d84262,2026-08-08T19:03:13.462207+00:00,send,946.63,fraud_demo_007,fraud_demo_033,False,0.00889615018285586,0,0,0.9647093421499924
d2f72374-9345-46f1-aa5b-35520b3ba0de,2026-08-08T19:25:13.462207+00:00,send,442.23,fraud_demo_008,fraud_demo_019,False,0.004322716710594686,0,0,0.3654553922381709
43849d93-24ca-4b7c-abff-76479c52266e,2026-08-08T19:49:13.462207+00:00,send,1258.51,fraud_demo_009,fraud_demo_030,False,0.01189810687828017,0,0,1.0935448533541874
c6f8f126-4190-4a93-b328-a1e60aaed104,2026-08-08T20:23:13.462207+00:00,send,316.31,fraud_demo_010,fraud_demo_030,False,0.0030828947924993765,0,0,0.3956319440225568
5410a96e-e716-4d6f-88af-f93513790c39,2026-08-08T20:42:13.462207+00:00,send,622.57,fraud_demo_011,fraud_demo_029,False,0.006518095234106797,0,0,0.5605153460399205
95187efc-f7ad-4ecb-a2d3-b5e208ae0d1d,2026-08-08T21:17:13.462207+00:00,send,1755.20,fraud_demo_012,fraud_demo_015,False,0.01786971459056291,0,0,1.4052255624693697
640a283b-396c-42f8-abff-3201e4494803,2026-08-08T21:33:13.462207+00:00,send,1002.14,fraud_demo_013,fraud_demo_019,False,0.009834605438149962,0,0,0.9025239220983902
e6e222c1-c7ea-493e-bbe8-f0843f0b169e,2026-08-08T22:04:13.462207+00:00,send,3796.00,fraud_demo_014,fraud_demo_020,False,0.03979750242365322,0,0,3.5006570648468665
3fe49c33-06c9-4428-8406-c9e0dea07117,2026-08-08T22:20:13.462207+00:00,send,821.66,fraud_demo_015,fraud_demo_007,False,0.00793207641885565,0,0,0.871000960102734
7511b43f-beb4-4828-a638-995b7f55e8da,2026-08-08T22:40:13.462207+00:00,send,1117.81,fraud_demo_016,fraud_demo_009,False,0.010771792303046016,0,0,1.0113763635576356
3e95fb4d-9b2a-438b-afba-68995d38a859,2026-08-08T23:12:13.462207+00:00,send,3292.42,fraud_demo_017,fraud_demo_022,False,0.03420617562962971,0,0,3.1144134733496482
6373d06d-5d66-49a3-a798-74472a3df1c0,2026-08-08T23:37:13.462207+00:00,send,358.36,fraud_demo_018,fraud_demo_033,False,0.003352369947625535,0,0,0.3915099897850809
a87f965e-8d0e-4626-8f80-aadf200898cf,2026-08-08T23:50:13.462207+00:00,send,793.43,fraud_demo_019,fraud_demo_026,False,0.00769277457241464,0,0,0.7537616765670655
2ac7a2eb-2942-4fd8-9e33-e498981f97ac,2026-08-09T00:23:13.462207+00:00,send,916.36,fraud_demo_020,fraud_demo_027,False,0.008750306403003958,0,0,1.1221061838537567
66af525e-2d96-4f28-96df-c87c17c90662,2026-08-09T00:36:13.462207+00:00,send,1688.38,fraud_demo_021,fraud_demo_031,False,0.017356149339900317,0,0,1.4919027956782933
ca0d5271-f1a7-4da4-bbeb-04b713efed53,2026-08-09T01:11:13.462207+00:00,send,1342.58,fraud_demo_022,fraud_demo_006,False,0.012505870655738039,0,0,1.0759903301167173
df46be23-7f60-4380-b1f5-28d0f8cd70d6,2026-08-09T01:37:13.462207+00:00,send,1426.83,fraud_demo_023,fraud_demo_005,False,0.014769685020419684,0,0,1.2403858334016375
19fe7ccd-7c85-4a7e-b467-3d1eb3b01567,2026-08-09T01:57:13.462207+00:00,send,891.26,fraud_demo_024,fraud_demo_014,False,0.008415874867236047,0,0,0.8420948912695767
073721de-7f3e-48a8-a4a2-8a628670610b,2026-08-09T02:27:13.462207+00:00,send,945.15,fraud_demo_025,fraud_demo_022,False,0.009905096982757489,0,0,0.9481753566558441
02e9d883-255d-4045-96ca-1fa4496c7347,2026-08-09T02:44:13.462207+00:00,send,202.61,fraud_demo_026,fraud_demo_022,False,0.0020142703914182397,0,0,0.2222081214297577
3b495ab7-7d6f-47fd-91be-cdc8931a7b40,2026-08-09T03:11:13.462207+00:00,send,1090.71,fraud_demo_027,fraud_demo_006,False,0.01140036768905994,0,0,0.9318336874762769
8d72aee2-dfad-4fd1-ac25-7f27cc03ffda,2026-08-09T03:37:13.462207+00:00,send,2145.54,fraud_demo_028,fraud_demo_011,False,0.02257854963068369,0,0,2.1639926746787967
0f320ebd-0ec4-4f52-ab61-db2de926ed88,2026-08-09T03:55:13.462207+00:00,send,875.48,fraud_demo_029,fraud_demo_006,False,0.00884611043653698,0,0,0.970677074011363
a45c713f-3f48-4de5-b2b3-ee95ade3ec19,2026-08-09T04:25:13.462207+00:00,send,2462.89,fraud_demo_030,fraud_demo_035,False,0.02467440453684685,0,0,1.6041601533422656
b6285901-9d92-4454-8225-6750bf5a5aae,2026-08-09T04:38:13.462207+00:00,send,873.68,fraud_demo_031,fraud_demo_009,False,0.008430258924970234,0,0,0.9490649031616305
742e354e-29e8-4604-a61f-fad0212e2c99,2026-08-09T05:09:13.462207+00:00,send,496.71,fraud_demo_032,fraud_demo_007,False,0.0050684719737101895,0,0,0.4933166859388634
ee68566c-a54e-4ff0-bc55-fe2d6a0d9699,2026-08-09T05:28:13.462207+00:00,send,496.25,fraud_demo_033,fraud_demo_009,False,0.004820653710757088,0,0,0.46933434574893534
673ac756-8da3-46ba-ace4-bed181f14d9f,2026-08-09T05:53:13.462207+00:00,send,353.37,fraud_demo_034,fraud_demo_010,False,0.003696212483108581,0,0,0.4289065751144403
d48f8b1b-b32b-4959-865a-90cc864062ea,2026-08-09T06:16:13.462207+00:00,send,751.13,fraud_demo_035,fraud_demo_029,False,0.00792288767648316,0,0,0.5013860347581471
331b386a-de58-4d30-b473-d83aaf3db5ea,2026-08-09T06:42:13.462207+00:00,send,1092.71,fraud_demo_036,fraud_demo_027,False,0.010598449499922068,0,0,1.1037100473504868
5e744752-5785-4530-8473-badd87d65da7,2026-08-09T07:04:13.462207+00:00,send,702.40,fraud_demo_037,fraud_demo_006,False,0.006565365863051178,0,0,0.9035843453203564
d3269cd7-7420-44cc-a5d0-e0044b0a1380,2026-08-09T07:41:13.462207+00:00,send,713.51,fraud_demo_038,fraud_demo_016,False,0.00638778532901602,0,0,0.9387971835539398
f596868c-2f36-488f-bc61-feb306716805,2026-08-09T07:48:13.462207+00:00,send,1141.92,fraud_demo_039,fraud_demo_040,False,0.012157952448854502,0,0,0.9520658322107604
43de50b7-3a73-4bc6-b856-45a16fcf4f78,2026-08-09T08:18:13.462207+00:00,send,442.72,fraud_demo_040,fraud_demo_020,False,0.004600870436632706,0,0,0.35303499090938084
9c8e1e9f-d2ea-4b39-8af9-fbf915e6ed59,2026-08-09T08:43:13.462207+00:00,send,732.12,fraud_demo_001,fraud_demo_027,False,0.007347040275352441,0,0,0.7400728225511345
700037e4-b4e2-4668-8050-33d08b1be081,2026-08-09T09:02:13.462207+00:00,send,779.09,fraud_demo_002,fraud_demo_033,False,0.008500034039849318,0,0,0.7647454153295257
7684fee8-ad31-41c0-8581-9bbc1b8c2503,2026-08-09T09:36:13.462207+00:00,send,741.19,fraud_demo_003,fraud_demo_035,False,0.007822116837745242,0,0,0.807877603220509
fbb00c08-2f13-40dc-a90a-0ca13ce22c1e,2026-08-09T09:53:13.462207+00:00,send,761.59,fraud_demo_004,fraud_demo_038,False,0.007744163482088438,0,0,0.7432955152483638
b2239b03-ef3b-48b0-90ea-4b13a3fc7617,2026-08-09T10:28:13.462207+00:00,send,913.05,fraud_demo_005,fraud_demo_032,False,0.009210898246433822,0,0,0.9820339573693686
bec23e2d-fefe-426c-a6b1-bcff7398568f,2026-08-09T10:53:13.462207+00:00,send,795.81,fraud_demo_006,fraud_demo_028,False,0.006821189203422312,0,0,0.8904978205942097
2c49ade0-f67e-4073-8af0-9dfac675c441,2026-08-09T11:09:13.462207+00:00,send,1044.76,fraud_demo_007,fraud_demo_036,False,0.009784166032266693,0,0,1.0672243613229402
ffa15fdf-7b66-4eb5-8147-0b1ac42f8b91,2026-08-09T11:28:13.462207+00:00,send,909.95,fraud_demo_008,fraud_demo_006,False,0.008933209203988667,0,0,0.7851914534260965
f68e941b-784c-4cb1-bb7a-770a3c9099d6,2026-08-09T11:50:13.462207+00:00,send,604.70,fraud_demo_009,fraud_demo_036,False,0.005651232860325674,0,0,0.5221796083696115
d56e4f1b-b882-4231-888b-1d3745f987ef,2026-08-09T12:19:13.462207+00:00,send,1797.56,fraud_demo_010,fraud_demo_021,False,0.01751347542661304,0,0,2.3427305878069995
cd3ffba7-2de9-4df4-8b96-25fe85e4b2ae,2026-08-09T12:37:13.462207+00:00,send,352.64,fraud_demo_011,fraud_demo_004,False,0.0036340751014019694,0,0,0.32707353404017064
f47a2a4b-16dd-41b0-aadd-6379447aa214,2026-08-09T13:05:13.462207+00:00,send,1419.79,fraud_demo_012,fraud_demo_021,False,0.014717905684698936,0,0,1.1067938611147634
7131fc27-7211-4a5b-876c-07fa6ac995a8,2026-08-09T13:32:13.462207+00:00,send,665.41,fraud_demo_013,fraud_demo_008,False,0.006594928978221604,0,0,0.6031857592043216
8797992f-3296-4c80-95d2-9319036fe8a5,2026-08-09T13:56:13.462207+00:00,send,553.82,fraud_demo_014,fraud_demo_011,False,0.005988659156494623,0,0,0.43775277109576516
7437bf26-5bec-4325-ab94-82115da30543,2026-08-09T14:14:13.462207+00:00,send,1336.79,fraud_demo_015,fraud_demo_008,False,0.013008179606081197,0,0,1.429357069639265
90c20398-ae1c-4d6c-875d-700c0ad334fc,2026-08-09T14:38:13.462207+00:00,send,1441.18,fraud_demo_016,fraud_demo_018,False,0.013942271693100134,0,0,1.3029680937754655
678af6c3-e095-4cc3-8886-52541d28854a,2026-08-09T15:15:13.462207+00:00,send,840.45,fraud_demo_017,fraud_demo_033,False,0.00904100579401051,0,0,0.6967904004952302
d944a424-2192-446f-ba8d-8f5d0afaaeba,2026-08-09T15:27:13.462207+00:00,send,618.33,fraud_demo_018,fraud_demo_038,False,0.005726320710447914,0,0,0.7040905795588688
e032af5f-250e-4f3c-a328-d31be64bf093,2026-08-09T16:04:13.462207+00:00,send,1081.07,fraud_demo_019,fraud_demo_038,False,0.010562872821572972,0,0,1.0441616694172196
94f29d77-e4ba-4b79-a69a-60539d8f79f8,2026-08-09T16:24:13.462207+00:00,send,568.91,fraud_demo_020,fraud_demo_001,False,0.005457193820021286,0,0,0.6910196155914152
5542ac1e-3f77-41f1-a6b2-eef387504b60,2026-08-09T16:43:13.462207+00:00,send,1614.08,fraud_demo_021,fraud_demo_010,False,0.01633560866760465,0,0,1.3809624848563664
87665714-6dc7-48fc-9ef1-0e5638d8c206,2026-08-09T17:18:13.462207+00:00,send,338.18,fraud_demo_022,fraud_demo_021,False,0.003155807570578743,0,0,0.2696631005382418
e2ce7ba0-14e3-42ee-a9c6-a8f54bcdf262,2026-08-09T17:25:13.462207+00:00,send,299.08,fraud_demo_023,fraud_demo_025,False,0.00314230695846372,0,0,0.2558982020045416
a6fd9c7c-cc6a-4d68-b9b3-cf0d9063a528,2026-08-09T17:49:13.462207+00:00,send,523.54,fraud_demo_024,fraud_demo_012,False,0.004985573889511363,0,0,0.4999223357337109
e05e5f27-a23e-4b9a-9433-e68f589c0087,2026-08-09T18:21:13.462207+00:00,send,419.73,fraud_demo_025,fraud_demo_027,False,0.004428722915974233,0,0,0.42253336805257286
c5c4290e-e57e-4c4e-abb4-ad1f32932890,2026-08-09T18:36:13.462207+00:00,send,623.52,fraud_demo_026,fraud_demo_020,False,0.006211306346745339,0,0,0.7212298106471003
6bcecedb-e4aa-4bb0-9392-b021a2660944,2026-08-09T19:09:13.462207+00:00,send,469.90,fraud_demo_027,fraud_demo_024,False,0.0048529812114544825,0,0,0.40328556004826727
6c5b9277-0854-4eb9-bc67-a749f6315090,2026-08-09T19:39:13.462207+00:00,send,826.04,fraud_demo_028,fraud_demo_016,False,0.008818066895782968,0,0,0.7731484023621379
528d42aa-0260-45e8-8104-2695e1a5b406,2026-08-09T19:55:13.462207+00:00,send,1456.40,fraud_demo_029,fraud_demo_013,False,0.014734412319117991,0,0,1.6179273998960189
483d3b58-0ce6-4d0e-af0a-83e4cea08be7,2026-08-09T20:19:13.462207+00:00,send,407.70,fraud_demo_030,fraud_demo_010,False,0.00418786578984104,0,0,0.2552667684867529
ae878f8a-1284-4a5b-a9ad-cb6ef909756d,2026-08-09T20:36:13.462207+00:00,send,363.85,fraud_demo_031,fraud_demo_036,False,0.003540687791618968,0,0,0.3965912517757682
122043ea-8159-41c0-8be0-65de17414f62,2026-08-09T21:03:13.462207+00:00,send,3002.45,fraud_demo_032,fraud_demo_022,False,0.030507652747324646,0,0,3.0861864687271505
401d7dbf-facd-4d93-aaff-23e44a0e23d9,2026-08-09T21:39:13.462207+00:00,send,931.62,fraud_demo_033,fraud_demo_014,False,0.008952224055251222,0,0,0.9134048798853267
05368972-1f1e-446e-a97f-3e7d2e136e10,2026-08-09T21:55:13.462207+00:00,send,722.50,fraud_demo_034,fraud_demo_004,False,0.007585309800850187,0,0,0.9116512180164993
90e1dfa9-8ea5-4a72-bada-1da71d168af6,2026-08-09T22:26:13.462207+00:00,send,409.28,fraud_demo_035,fraud_demo_034,False,0.004317520919321391,0,0,0.2825916943119399
ebb01510-d8c2-4a9c-86a9-5fd1fae69c01,2026-08-09T22:48:13.462207+00:00,send,1047.43,fraud_demo_036,fraud_demo_006,False,0.010069357756995119,0,0,1.050709614944781
f1e706fd-92f1-48ed-b7b3-c55069d006d1,2026-08-09T23:04:13.462207+00:00,send,984.83,fraud_demo_037,fraud_demo_005,False,0.009266087622829785,0,0,1.2751051334106727
30b57957-3b49-4946-a506-00aeb985bb33,2026-08-09T23:36:13.462207+00:00,send,240.22,fraud_demo_038,fraud_demo_016,False,0.00211747200885703,0,0,0.3173631545895805
b18bdacb-aea3-4fd2-bcf0-6334a50dd000,2026-08-09T23:50:13.462207+00:00,send,709.25,fraud_demo_039,fraud_demo_021,False,0.007644280197655165,0,0,0.5932267184128205
a1dee4e9-fb5e-442b-bded-192af122ad4a,2026-08-10T00:15:13.462207+00:00,send,837.67,fraud_demo_040,fraud_demo_013,False,0.008745538722867577,0,0,0.6980862567836047
4863006e-5d2a-4f41-9e79-79867e796722,2026-08-10T00:50:13.462207+00:00,send,501.60,fraud_demo_001,fraud_demo_036,False,0.0050419620710964895,0,0,0.5154220075486821
ad1cb41d-c407-48ef-b78e-5481578feb73,2026-08-10T01:02:13.462207+00:00,send,710.21,fraud_demo_002,fraud_demo_021,False,0.007814966385224003,0,0,0.7075368373862501
36555ef9-98e6-4aad-a1f5-fcaa07c0569f,2026-08-10T01:25:13.462207+00:00,send,1362.57,fraud_demo_003,fraud_demo_012,False,0.0144931914218755,0,0,1.5032155438292378
d0a47769-5097-441f-9ef9-7dfe9f4dee26,2026-08-10T01:50:13.462207+00:00,send,1438.74,fraud_demo_004,fraud_demo_015,False,0.014583210221971432,0,0,1.4270754421050935
3d346ba3-59dd-4ef3-a3a1-12974e8605ee,2026-08-10T02:13:13.462207+00:00,send,1866.85,fraud_demo_005,fraud_demo_017,False,0.018819257306430352,0,0,2.0101538693456513
f07ff36f-9c53-4faf-8dd3-d00f4f7903d3,2026-08-10T02:50:13.462207+00:00,send,427.16,fraud_demo_006,fraud_demo_021,False,0.003625256314430814,0,0,0.48127857225347237
cdb6f4e1-aa5b-4cee-ba37-75c1a021c7bb,2026-08-10T03:14:13.462207+00:00,send,1226.64,fraud_demo_007,fraud_demo_037,False,0.011600976129873732,0,0,1.2477725885020174
df94c0f0-f879-4fbf-acef-7100018ea85f,2026-08-10T03:24:13.462207+00:00,send,1253.05,fraud_demo_008,fraud_demo_007,False,0.012171000295861028,0,0,1.0959646952516469
7a9dc870-ffe5-4b13-8b8f-1c2f3fc2d049,2026-08-10T03:50:13.462207+00:00,send,648.03,fraud_demo_009,fraud_demo_004,False,0.006090593382425505,0,0,0.5768226819677822
bce7b407-c1b8-46a4-aade-67b758496338,2026-08-10T04:14:13.462207+00:00,send,2402.04,fraud_demo_010,fraud_demo_039,False,0.023351859611191197,0,0,2.888162952442145
33a992eb-5093-483d-b92f-9b2e9428e602,2026-08-10T04:38:13.462207+00:00,send,1848.82,fraud_demo_011,fraud_demo_002,False,0.019013299807431747,0,0,1.790066655975891
da8b3b1e-78ea-4db8-80a1-dc7ad86e79d4,2026-08-10T05:15:13.462207+00:00,send,714.18,fraud_demo_012,fraud_demo_023,False,0.00736775656877826,0,0,0.5530459226047008
e0795c87-c32b-4a43-8bd2-e292a1c81e25,2026-08-10T05:35:13.462207+00:00,send,740.26,fraud_demo_013,fraud_demo_002,False,0.007220225761534557,0,0,0.6881018776724298
7307b666-d787-430a-b9bf-1ae1169074a8,2026-08-10T06:02:13.462207+00:00,send,1527.47,fraud_demo_014,fraud_demo_015,False,0.016449891783971153,0,0,1.251321362943059
bc82c6ce-963c-4a7c-8e37-29317d4460b3,2026-08-10T06:25:13.462207+00:00,send,638.88,fraud_demo_015,fraud_demo_010,False,0.006119847394639349,0,0,0.6652674162743885
e6652b7c-98cc-4a40-bc24-3475b99a55f2,2026-08-10T06:48:13.462207+00:00,send,878.58,fraud_demo_016,fraud_demo_037,False,0.00853050418893603,0,0,0.7795611208775365
c4af10ed-7ae9-4a27-98e7-b3069de9ed47,2026-08-10T07:16:13.462207+00:00,send,725.42,fraud_demo_017,fraud_demo_009,False,0.0077183679857647175,0,0,0.6130401599319708
b347f3eb-45a1-459e-af86-016ee51a3bfd,2026-08-10T07:24:13.462207+00:00,send,1675.09,fraud_demo_018,fraud_demo_016,False,0.015602261507796058,0,0,1.9433613123654945
9fe14ea5-6bed-47ad-b376-5c7a3ea8e370,2026-08-10T08:05:13.462207+00:00,send,1359.74,fraud_demo_019,fraud_demo_026,False,0.013427523035074064,0,0,1.3097028043594474
d669a4bf-27df-41d4-b2ec-57d6c488d497,2026-08-10T08:22:13.462207+00:00,send,639.82,fraud_demo_020,fraud_demo_033,False,0.006134175281216014,0,0,0.7924528593999042
042c36ea-fa64-4c79-9f42-8e967a8bf3a2,2026-08-10T08:44:13.462207+00:00,send,986.73,fraud_demo_021,fraud_demo_026,False,0.009929040761261677,0,0,0.8245855574474308
5c040247-6b56-46ab-8b55-68d15578a547,2026-08-10T09:11:13.462207+00:00,send,1558.12,fraud_demo_022,fraud_demo_004,False,0.014187242426458059,0,0,1.3018622486413434
50938d34-2d9b-4ea2-aa18-ac8d4f423189,2026-08-10T09:32:13.462207+00:00,send,299.01,fraud_demo_023,fraud_demo_039,False,0.0031279297208034267,0,0,0.26831674450246684
8eba8cb0-7c5e-42a9-afc7-6fa1fd6d10a6,2026-08-10T09:53:13.462207+00:00,send,1387.01,fraud_demo_024,fraud_demo_036,False,0.013214988108501987,0,0,1.367170644978062
10fa1adf-8eca-4726-abd8-edb313454da6,2026-08-10T10:23:13.462207+00:00,send,623.61,fraud_demo_025,fraud_demo_012,False,0.006609204812856836,0,0,0.6512808897528167
70fa3e4d-379a-4768-a5e1-ba4b626691da,2026-08-10T10:54:13.462207+00:00,send,2362.99,fraud_demo_026,fraud_demo_039,False,0.02314214912245049,0,0,2.7817534214725956
7ee9c771-a313-4228-a298-034086b4d7c7,2026-08-10T11:05:13.462207+00:00,send,2366.87,fraud_demo_027,fraud_demo_013,False,0.02456350424535048,0,0,2.110028143054304
6ad2b3c3-6ee1-4a6a-b6ec-cd9006b79353,2026-08-10T11:39:13.462207+00:00,send,990.17,fraud_demo_028,fraud_demo_033,False,0.01066421022679419,0,0,0.9400980287440215
f1235d1e-8ca5-4e9a-97b0-3d89ed456951,2026-08-10T11:52:13.462207+00:00,send,594.99,fraud_demo_029,fraud_demo_001,False,0.0061095398319940715,0,0,0.6364014370079003
a8f958ac-cbb2-43cb-8246-dd11ad7ba736,2026-08-10T12:12:13.462207+00:00,send,1451.35,fraud_demo_030,fraud_demo_022,False,0.014970861310109987,0,0,0.9530724207151325
de4e74c5-6702-4350-a19d-78e099458ed0,2026-08-10T12:39:13.462207+00:00,send,2409.65,fraud_demo_031,fraud_demo_010,False,0.02353204392205485,0,0,2.7294184276662774
0e244bb8-98cc-4a5b-a608-fe721efd7724,2026-08-10T13:09:13.462207+00:00,send,804.66,fraud_demo_032,fraud_demo_035,False,0.008433367737845995,0,0,0.7316978356917069
37f9e8ba-dc46-487d-a398-87ee3a930706,2026-08-10T13:37:13.462207+00:00,send,597.56,fraud_demo_033,fraud_demo_021,False,0.0057038606629960095,0,0,0.5890645841997443
65f091f9-22a0-411c-b8ce-b0d5de9fec95,2026-08-10T14:05:13.462207+00:00,send,1064.70,fraud_demo_034,fraud_demo_032,False,0.011214843409312399,0,0,1.350898910174009
d45293ed-5eb1-4191-95a6-a732336e1af0,2026-08-10T14:17:13.462207+00:00,send,475.66,fraud_demo_035,fraud_demo_023,False,0.004996926164496212,0,0,0.34384164388488075
36eace5a-3ac6-4678-ba75-9da655a01633,2026-08-10T14:40:13.462207+00:00,send,500.13,fraud_demo_036,fraud_demo_025,False,0.004769378933655253,0,0,0.500110933270669
7eab18c2-d5b6-4b52-9469-ce439f36f661,2026-08-10T15:18:13.462207+00:00,send,1800.59,fraud_demo_037,fraud_demo_012,False,0.01676470026856629,0,0,2.291900389097629
64cc3c42-eb53-483f-8092-8daa512252d7,2026-08-10T15:31:13.462207+00:00,send,578.26,fraud_demo_038,fraud_demo_003,False,0.005108015996978261,0,0,0.7980065705889811
3675b368-c3f2-4fbd-b14a-9d33579e6034,2026-08-10T15:58:13.462207+00:00,send,427.77,fraud_demo_039,fraud_demo_037,False,0.004403799269029236,0,0,0.36712644726290633
37f4185a-52d9-4bc2-979e-1efe85ed1252,2026-08-10T16:26:13.462207+00:00,send,2858.19,fraud_demo_040,fraud_demo_005,False,0.03010367699659002,0,0,2.427730603945968
2e04daf5-c764-400a-9d6f-e28bddb58d27,2026-08-10T16:38:13.462207+00:00,send,668.35,fraud_demo_001,fraud_demo_002,False,0.006711792217735419,0,0,0.706917330376736
59063d0e-f087-4488-bdad-0f57d0ca47a3,2026-08-10T17:00:13.462207+00:00,send,694.08,fraud_demo_002,fraud_demo_024,False,0.007429242215795468,0,0,0.7035715946778481
982506cf-3e4a-4bef-8453-1d51fd8765c7,2026-08-10T17:29:13.462207+00:00,send,600.37,fraud_demo_003,fraud_demo_005,False,0.006439652910677638,0,0,0.6432984401433042
f3b7f665-2d19-492b-88e3-0f6ee761fc4f,2026-08-10T18:05:13.462207+00:00,send,888.46,fraud_demo_004,fraud_demo_028,False,0.00893600885896563,0,0,0.8596603663617447
6431e24b-4d32-458d-a726-212d6675c354,2026-08-10T18:30:13.462207+00:00,send,435.94,fraud_demo_005,fraud_demo_026,False,0.004325203642441763,0,0,0.44307586715699493
a7aea6f7-d05b-48a2-8ea5-97e0775fc453,2026-08-10T18:46:13.462207+00:00,send,1426.09,fraud_demo_006,fraud_demo_016,False,0.012147093207724759,0,0,1.6573372983319659
b2f8ff86-f370-4fe0-b08f-9ff271bc62f4,2026-08-10T19:02:13.462207+00:00,send,545.45,fraud_demo_007,fraud_demo_018,False,0.005157317812748847,0,0,0.5468763822817868
8559b579-d330-43a3-9716-396c9ae0c3ac,2026-08-10T19:37:13.462207+00:00,send,744.65,fraud_demo_008,fraud_demo_037,False,0.007321975888265848,0,0,0.64764298584799
8c345fce-cbcc-4b1f-a4ef-07bc0078d0f1,2026-08-10T19:54:13.462207+00:00,send,478.31,fraud_demo_009,fraud_demo_012,False,0.004492190673400336,0,0,0.43662068635931867
5df4a4c7-bc63-4864-b048-c95b0c6d237c,2026-08-10T20:29:13.462207+00:00,send,1753.52,fraud_demo_010,fraud_demo_028,False,0.01694068528468769,0,0,1.8976293192624096
06cda228-b0d8-4dcc-a5f7-8193d8fe59ec,2026-08-10T20:39:13.462207+00:00,send,1113.95,fraud_demo_011,fraud_demo_018,False,0.011677918612156505,0,0,1.0306509698230701
40c8660b-36a7-4818-b95d-a51794c04c72,2026-08-10T21:15:13.462207+00:00,send,717.38,fraud_demo_012,fraud_demo_004,False,0.0072373803866971325,0,0,0.5705238142019751
7b22d0a6-c0c3-413a-8e67-5f6f16909851,2026-08-10T21:27:13.462207+00:00,send,1126.78,fraud_demo_013,fraud_demo_010,False,0.010818560362791142,0,0,1.066963514854849
59095806-a61d-4dae-9aa8-e6fa9a51f962,2026-08-10T21:50:13.462207+00:00,send,418.13,fraud_demo_014,fraud_demo_002,False,0.004578309981357401,0,0,0.3375468458252368
74a22fe2-3ba0-4115-9471-1675661395f8,2026-08-10T22:24:13.462207+00:00,send,1435.07,fraud_demo_015,fraud_demo_032,False,0.013831216119992431,0,0,1.5243569676804598
1b4ea4c0-6f66-4b37-a8bb-56b1c98c72a9,2026-08-10T22:38:13.462207+00:00,send,871.01,fraud_demo_016,fraud_demo_032,False,0.008278355608602314,0,0,0.7829974067838196
253d3c50-6569-4128-8e64-bf923cebf059,2026-08-10T23:12:13.462207+00:00,send,758.45,fraud_demo_017,fraud_demo_036,False,0.008132572784891226,0,0,0.6558826805951836
0aaa67fe-d16b-448f-a0df-236d2cd2d9c0,2026-08-10T23:32:13.462207+00:00,send,831.15,fraud_demo_018,fraud_demo_025,False,0.007742697443442632,0,0,0.913566014520537
81e4c438-61f6-482e-84e8-07fae70893a2,2026-08-10T23:59:13.462207+00:00,send,1067.23,fraud_demo_019,fraud_demo_038,False,0.01068240555565565,0,0,1.0095648438430316
73970311-8bc2-402c-9e44-73db091aeaf7,2026-08-11T00:19:13.462207+00:00,send,643.40,fraud_demo_020,fraud_demo_036,False,0.006206570166751653,0,0,0.8067360520545298
fdc8a4ee-4d28-44cc-b7cc-1660bf8fbd07,2026-08-11T00:52:13.462207+00:00,send,456.75,fraud_demo_021,fraud_demo_037,False,0.004614148580736386,0,0,0.3856741169814826
c3ffd241-a889-456e-b9f3-27c48a1ca9a8,2026-08-11T01:07:13.462207+00:00,send,2353.32,fraud_demo_022,fraud_demo_028,False,0.021448676095752534,0,0,1.931973603830487
9bfb346b-ad5b-4401-8d58-3584630789cd,2026-08-11T01:25:13.462207+00:00,send,656.16,fraud_demo_023,fraud_demo_032,False,0.006851398393843264,0,0,0.6152875348607336
203c4df9-73d6-4d1d-80ef-ecd70f614ad4,2026-08-11T02:06:13.462207+00:00,send,1031.82,fraud_demo_024,fraud_demo_034,False,0.009896186052364368,0,0,0.9955588196733222
da98fb5b-00b7-466d-97b6-8075b5136768,2026-08-11T02:25:13.462207+00:00,send,487.03,fraud_demo_025,fraud_demo_010,False,0.005123264246110239,0,0,0.5192927416390802
615975fa-3ff6-4930-969f-a202dabffe2f,2026-08-11T02:38:13.462207+00:00,send,1373.05,fraud_demo_026,fraud_demo_013,False,0.013705750156367628,0,0,1.4630389435865807
eaff917d-ba14-4e81-991b-820231c87d6e,2026-08-11T03:10:13.462207+00:00,send,753.55,fraud_demo_027,fraud_demo_006,False,0.008017315827557119,0,0,0.6306025363214183
ed9414be-2081-4c1e-b665-8cfb0fb15744,2026-08-11T03:24:13.462207+00:00,send,1123.55,fraud_demo_028,fraud_demo_018,False,0.011600336379297077,0,0,1.0705052075481003
ae15da60-6119-4547-879e-032f32d53bd7,2026-08-11T04:01:13.462207+00:00,send,931.39,fraud_demo_029,fraud_demo_039,False,0.009622587805506753,0,0,1.017987829379864
2316e020-5ba3-49ac-8d28-a8424b76802c,2026-08-11T04:15:13.462207+00:00,send,401.20,fraud_demo_030,fraud_demo_010,False,0.00420132691559354,0,0,0.2641892692767449
92e1566c-901e-4fdc-967b-5e6f5433afd2,2026-08-11T04:45:13.462207+00:00,send,958.90,fraud_demo_031,fraud_demo_007,False,0.009590052987818063,0,0,0.9858574007493127
1b44c782-3183-4409-81ad-aa7dc25b6100,2026-08-11T05:18:13.462207+00:00,send,471.22,fraud_demo_032,fraud_demo_036,False,0.004777357422412803,0,0,0.43536346502088036
6d9836a2-b037-4b17-be3f-ffdc79accb7a,2026-08-11T05:36:13.462207+00:00,send,870.68,fraud_demo_033,fraud_demo_040,False,0.008358535756721184,0,0,0.8795630696130508
3515993a-fa65-4b1d-a773-ba8decfadd8a,2026-08-11T06:00:13.462207+00:00,send,1273.52,fraud_demo_034,fraud_demo_010,False,0.013419062250405149,0,0,1.5831727601596202
ea69f5e2-2d84-4e45-af79-f68d6fe033f5,2026-08-11T06:19:13.462207+00:00,send,398.49,fraud_demo_035,fraud_demo_003,False,0.004207259557792727,0,0,0.2996222396091567
e06a0cca-dfbe-44ec-9a1f-01f5672828e1,2026-08-11T06:44:13.462207+00:00,send,1379.79,fraud_demo_036,fraud_demo_004,False,0.012988012969281032,0,0,1.4215380643534772
e79645fc-960a-4b3e-b4c8-8940303ad018,2026-08-11T07:07:13.462207+00:00,send,2624.22,fraud_demo_037,fraud_demo_032,False,0.024472306507101454,0,0,3.1043539980655077
03824284-c316-4c37-9c84-8c853a27854f,2026-08-11T07:34:13.462207+00:00,send,430.70,fraud_demo_038,fraud_demo_009,False,0.003788193624453418,0,0,0.6015190164594347
b5a89f03-2520-42f2-9175-09b97e9c322d,2026-08-11T07:50:13.462207+00:00,send,1550.77,fraud_demo_039,fraud_demo_018,False,0.015882495119837935,0,0,1.382385667662259
2c0dd7c1-4b58-4b15-8206-102a2b852cab,2026-08-11T08:25:13.462207+00:00,send,475.68,fraud_demo_040,fraud_demo_013,False,0.005117184360960298,0,0,0.3727360136878582
1e7e09e6-626f-4ebd-9c19-4a4df835a00d,2026-08-11T08:41:13.462207+00:00,send,1677.18,fraud_demo_001,fraud_demo_033,False,0.016956606664717423,0,0,1.8033245564151943
2056c29b-c009-43e3-acca-324b9db20c3d,2026-08-11T09:04:13.462207+00:00,send,625.57,fraud_demo_002,fraud_demo_006,False,0.0067157662535027056,0,0,0.6447424925879228
ec15af0b-23e7-4608-ac6d-9a9d87bab922,2026-08-11T09:38:13.462207+00:00,send,1371.48,fraud_demo_003,fraud_demo_035,False,0.014742610581941196,0,0,1.4992557359347451
f30536e4-6182-4d58-89ef-409c70ab6330,2026-08-11T10:04:13.462207+00:00,send,268.19,fraud_demo_004,fraud_demo_005,False,0.0026650194999851442,0,0,0.2615356609986575
f2dc60ed-e515-4a95-a144-d31b858b8d83,2026-08-11T10:12:13.462207+00:00,send,1038.81,fraud_demo_005,fraud_demo_027,False,0.010323795144802058,0,0,1.0895243311589746
3da74b43-1521-4176-bac6-dfee6f5fc341,2026-08-11T10:41:13.462207+00:00,send,667.53,fraud_demo_006,fraud_demo_017,False,0.005688136435516304,0,0,0.7484410514703729
203a122c-feac-4878-835d-6baa37182409,2026-08-11T11:05:13.462207+00:00,send,1018.48,fraud_demo_007,fraud_demo_032,False,0.009592393896951459,0,0,1.0475129863191535
a6846ca4-8a81-402e-8480-97ae829cd8b1,2026-08-11T11:33:13.462207+00:00,send,1910.19,fraud_demo_008,fraud_demo_018,False,0.01892100759895098,0,0,1.6945166302876304
74a05f32-0f23-4fdd-98a2-0bf56bc04e1c,2026-08-11T12:06:13.462207+00:00,send,790.09,fraud_demo_009,fraud_demo_002,False,0.007423684757472358,0,0,0.7445289636939508
a1fc096e-a78d-46de-b8d7-25bb88c769cf,2026-08-11T12:18:13.462207+00:00,send,2334.51,fraud_demo_010,fraud_demo_015,False,0.022224030981185094,0,0,2.406365407951091
3e83d629-51e9-4771-a4d3-af274eac8e91,2026-08-11T12:36:13.462207+00:00,send,1204.55,fraud_demo_011,fraud_demo_019,False,0.012776917179313221,0,0,1.1125815376910413
1c8412d6-94ef-402f-8bb2-639fffc8d26a,2026-08-11T13:00:13.462207+00:00,send,2700.27,fraud_demo_012,fraud_demo_032,False,0.02744061935618142,0,0,2.199983886503045
cb8193b1-aac7-49e9-b474-39a16ebb5dd8,2026-08-11T13:33:13.462207+00:00,send,270.80,fraud_demo_013,fraud_demo_016,False,0.002582135361104195,0,0,0.25547384045149224
3cbfec1f-2e12-4188-85d3-f6c42fa46968,2026-08-11T13:59:13.462207+00:00,send,800.07,fraud_demo_014,fraud_demo_019,False,0.00880065004713986,0,0,0.670556797477437
3ec91294-2d28-4e89-822b-7b4e93d6c112,2026-08-11T14:28:13.462207+00:00,send,578.96,fraud_demo_015,fraud_demo_031,False,0.005532064686248154,0,0,0.5975737586098541
50d47f3d-8af4-44ae-82ed-c8a83a3c96f5,2026-08-11T14:47:13.462207+00:00,send,972.93,fraud_demo_016,fraud_demo_027,False,0.009300088811245555,0,0,0.8852915469654314
0175bd17-0cca-4410-9e3d-09ee57146664,2026-08-11T15:09:13.462207+00:00,send,1281.27,fraud_demo_017,fraud_demo_037,False,0.013751980925159803,0,0,1.129595453182948
ab6c1e1a-081d-4f37-8294-648d4aef3316,2026-08-11T15:32:13.462207+00:00,send,874.84,fraud_demo_018,fraud_demo_007,False,0.007874370823963745,0,0,0.9662279905163484
9708e388-85fb-4225-8b99-a7a5d88a7eb2,2026-08-11T15:57:13.462207+00:00,send,1424.59,fraud_demo_019,fraud_demo_022,False,0.014126840401777854,0,0,1.3469000564652736
b88a3744-7996-4062-80b5-30b654a65353,2026-08-11T16:22:13.462207+00:00,send,1832.23,fraud_demo_020,fraud_demo_013,False,0.01778502506383654,0,0,2.3223013923186935
709a6b00-bab8-4fb9-8392-3f0384babc55,2026-08-11T16:45:13.462207+00:00,send,1645.65,fraud_demo_021,fraud_demo_009,False,0.016701636601048224,0,0,1.4386673323723342
badd24c3-da7c-401f-87fa-83c94f83c2a6,2026-08-11T17:01:13.462207+00:00,send,1711.01,fraud_demo_022,fraud_demo_017,False,0.01572765052794868,0,0,1.3355168300241924
c0070b20-6f78-43a5-aceb-d3b18958ed3d,2026-08-11T17:30:13.462207+00:00,send,1420.47,fraud_demo_023,fraud_demo_039,False,0.014934383524961134,0,0,1.3610785800066434
3d8c058c-4860-4642-ade0-cdcec25779af,2026-08-11T18:05:13.462207+00:00,send,1181.90,fraud_demo_024,fraud_demo_022,False,0.011448903878126086,0,0,1.1406460025489238
eadce04c-3406-441e-ac59-b111ab186c6a,2026-08-11T18:29:13.462207+00:00,send,938.84,fraud_demo_025,fraud_demo_032,False,0.009926893259040587,0,0,1.0284994385561308
61c4e17d-b861-4bed-bf25-54c2e9558747,2026-08-11T18:44:13.462207+00:00,send,621.63,fraud_demo_026,fraud_demo_012,False,0.006291322128991585,0,0,0.6457595220520551
6e4f31bb-df70-42fb-b60c-9e9470948b35,2026-08-11T19:10:13.462207+00:00,send,1216.42,fraud_demo_027,fraud_demo_037,False,0.01277101476663675,0,0,1.0392799319916786
7bd80569-66ed-48b7-9c19-8638dfedb710,2026-08-11T19:33:13.462207+00:00,send,640.71,fraud_demo_028,fraud_demo_006,False,0.006692788364110415,0,0,0.6080791229742613
c7d5f348-cf63-4ddf-9e9a-34538bfb86c9,2026-08-11T19:56:13.462207+00:00,send,1348.18,fraud_demo_029,fraud_demo_027,False,0.014063954911222185,0,0,1.4720586415484396
233a0d08-7a74-48e4-b184-bb0a69317b1d,2026-08-11T20:27:13.462207+00:00,send,243.22,fraud_demo_030,fraud_demo_039,False,0.002557721728457067,0,0,0.16698591858732742
11aafbed-8209-41fe-a9d5-5d03fad39203,2026-08-11T20:38:13.462207+00:00,send,2059.42,fraud_demo_031,fraud_demo_004,False,0.020675022799126346,0,0,2.1189810249770638
d7e553bc-b975-40fe-bfc3-a8ffe807e890,2026-08-11T21:12:13.462207+00:00,send,1873.53,fraud_demo_032,fraud_demo_031,False,0.01776755291843624,0,0,1.787024132891464
b4eaa9b7-32b3-43d6-9269-975bbad2af67,2026-08-11T21:28:13.462207+00:00,send,734.26,fraud_demo_033,fraud_demo_035,False,0.006994746366853901,0,0,0.7467476957724706
eda08662-adac-4196-9401-e4a664c09aed,2026-08-11T22:06:13.462207+00:00,send,1820.24,fraud_demo_034,fraud_demo_009,False,0.019440719391205497,0,0,2.19181469165113
89d1663b-3c1c-4ffd-8396-41aade90f9c9,2026-08-11T22:26:13.462207+00:00,send,744.79,fraud_demo_035,fraud_demo_030,False,0.007724265731168921,0,0,0.5826749408685477
541a371e-df0d-4201-88da-619b1db2210b,2026-08-11T22:54:13.462207+00:00,send,267.50,fraud_demo_036,fraud_demo_018,False,0.0025511211295200864,0,0,0.26928731978302656
163a83a5-7a7c-47ef-b3da-6906126325ae,2026-08-11T23:02:13.462207+00:00,send,861.27,fraud_demo_037,fraud_demo_011,False,0.00804130872586613,0,0,0.9122055296523903
b710e90a-a828-4736-bec7-88fe43adbfe4,2026-08-11T23:36:13.462207+00:00,send,1205.58,fraud_demo_038,fraud_demo_009,False,0.010643921117488993,0,0,1.7218403481696891
b13a9137-6a19-4417-9b42-f0e0e0d8eacb,2026-08-11T23:49:13.462207+00:00,send,1829.80,fraud_demo_039,fraud_demo_028,False,0.01871858412294155,0,0,1.597188176024138
adf316d3-3111-49c0-821e-85705971e107,2026-08-12T00:12:13.462207+00:00,send,571.12,fraud_demo_040,fraud_demo_035,False,0.006175492684011289,0,0,0.463679737601045
0b1947df-a0ba-4183-9df4-b0d1d8166f2f,2026-08-12T00:36:13.462207+00:00,send,1505.33,fraud_demo_001,fraud_demo_022,False,0.01548168758447497,0,0,1.552892649931643
8a612fa2-f30d-4bc7-ba91-afa8ed343ab4,2026-08-12T01:11:13.462207+00:00,send,1052.72,fraud_demo_002,fraud_demo_001,False,0.01128148215304931,0,0,1.1056571169869394
745fa680-50ab-4385-94d6-f07940c81c3f,2026-08-12T01:42:13.462207+00:00,send,508.79,fraud_demo_003,fraud_demo_021,False,0.005551032645470354,0,0,0.5419514380170664
259579c7-3137-421d-94ff-73ce3339dbe4,2026-08-12T02:04:13.462207+00:00,send,686.44,fraud_demo_004,fraud_demo_021,False,0.006701902979595537,0,0,0.6964777100709861
f3beeb93-d7df-4f0f-adab-6c88fd83c2de,2026-08-12T02:16:13.462207+00:00,send,934.66,fraud_demo_005,fraud_demo_040,False,0.009385637682814129,0,0,0.9756924909455326
4b02acc8-cd46-40f7-832f-8c83694983d0,2026-08-12T02:48:13.462207+00:00,send,1191.05,fraud_demo_006,fraud_demo_023,False,0.010151459208870589,0,0,1.353334784548387
49135cbe-7df8-4747-984f-fd0dfc8c08f4,2026-08-12T03:04:13.462207+00:00,send,351.00,fraud_demo_007,fraud_demo_002,False,0.0033103167294070705,0,0,0.36010516431519274
59bb5b24-7fdb-4925-a3ea-e090a1f1c9e7,2026-08-12T03:29:13.462207+00:00,send,1538.07,fraud_demo_008,fraud_demo_015,False,0.015528868700707795,0,0,1.316296250919996
c0ba0836-7894-4b0c-be4b-f5eac39ef1e2,2026-08-12T03:49:13.462207+00:00,send,626.28,fraud_demo_009,fraud_demo_008,False,0.005677471945793325,0,0,0.5982085896602534
86b6d9a8-95ef-449c-b98b-2b801dcbc1cf,2026-08-12T04:29:13.462207+00:00,send,1447.22,fraud_demo_010,fraud_demo_026,False,0.014090366565478742,0,0,1.3889555094655661
ce083d71-d3b8-4cee-a3d8-40f8b1fa8fcd,2026-08-12T04:39:13.462207+00:00,send,985.44,fraud_demo_011,fraud_demo_004,False,0.01049097114727431,0,0,0.9048392966136958
438cba97-1189-4767-82ba-dbf5679d2296,2026-08-12T05:08:13.462207+00:00,send,845.60,fraud_demo_012,fraud_demo_002,False,0.008778570322203427,0,0,0.6480072438194612
2a968d9b-10b9-47f7-aca9-9a63724b5e2a,2026-08-12T05:24:13.462207+00:00,send,1141.09,fraud_demo_013,fraud_demo_032,False,0.010720915796526124,0,0,1.120413071609001
c9385a3c-a68c-463c-9d7b-a039206510bd,2026-08-12T06:04:13.462207+00:00,send,826.30,fraud_demo_014,fraud_demo_021,False,0.009169876992919566,0,0,0.7047606820418161
78fc7d9a-870e-44bc-a1f6-4dd4a7a4c9fd,2026-08-12T06:25:13.462207+00:00,send,1322.33,fraud_demo_015,fraud_demo_019,False,0.012520353516086774,0,0,1.3943767107626255
11e40856-6494-4762-af8b-b65e7cc8054d,2026-08-12T06:45:13.462207+00:00,send,923.89,fraud_demo_016,fraud_demo_007,False,0.0089142260584974,0,0,0.8457751018799489
b9315948-9764-4ad1-a705-c799bc158712,2026-08-12T07:06:13.462207+00:00,send,1532.95,fraud_demo_017,fraud_demo_008,False,0.016377742680283112,0,0,1.3423262493323176
df1b6c69-5871-415b-9d26-43c37158c468,2026-08-12T07:29:13.462207+00:00,send,715.43,fraud_demo_018,fraud_demo_017,False,0.00647492907426244,0,0,0.7915726201873242
8abfac26-46b6-4ec6-9053-dac9c0ab97fb,2026-08-12T08:03:13.462207+00:00,send,1490.23,fraud_demo_019,fraud_demo_003,False,0.014792755209844537,0,0,1.3836969843873088
270e08da-8edf-4cf7-a359-8794fe57c653,2026-08-12T08:14:13.462207+00:00,send,1031.02,fraud_demo_020,fraud_demo_023,False,0.010189081370836727,0,0,1.2217613878750533
315602b4-aaed-4cb2-9797-863f43040e77,2026-08-12T08:50:13.462207+00:00,send,2627.64,fraud_demo_021,fraud_demo_034,False,0.026566468644542294,0,0,2.245307805191108
3ec2d9b5-ee1c-4ef1-848c-059b0f20516a,2026-08-12T09:05:13.462207+00:00,send,710.32,fraud_demo_022,fraud_demo_019,False,0.0064712117533501905,0,0,0.5448145235646225
e121b401-4916-4348-af44-e07c0e4464a8,2026-08-12T09:34:13.462207+00:00,send,1509.43,fraud_demo_023,fraud_demo_003,False,0.015737053184323273,0,0,1.4193456270962308
0663f29b-7580-4952-9582-b06e2cb59794,2026-08-12T09:49:13.462207+00:00,send,1151.36,fraud_demo_024,fraud_demo_029,False,0.01128223630825034,0,0,1.103007072587936
b1bd4d9b-3e72-4e31-8fdb-15c940b5d3e7,2026-08-12T10:17:13.462207+00:00,send,2408.05,fraud_demo_025,fraud_demo_001,False,0.025716982157718928,0,0,2.634068310948555
ccd9abf0-fb6d-4c27-b92e-317851e56fb1,2026-08-12T10:44:13.462207+00:00,send,706.93,fraud_demo_026,fraud_demo_022,False,0.00709533135166298,0,0,0.7483224729567709
566cb0c2-9824-4c9a-881d-db0b36c4373f,2026-08-12T11:03:13.462207+00:00,send,747.81,fraud_demo_027,fraud_demo_006,False,0.007840301546672238,0,0,0.6375927048616455
8342433d-92f7-4594-965e-dcdbfebbdd0a,2026-08-12T11:36:13.462207+00:00,send,755.08,fraud_demo_028,fraud_demo_026,False,0.007790715874424487,0,0,0.7317177913797527
c31eaec3-6862-4923-bcfb-a4ee38c33e8d,2026-08-12T11:53:13.462207+00:00,send,2009.86,fraud_demo_029,fraud_demo_032,False,0.02100961031879966,0,0,2.1413357617327464
a5114a50-7e28-4766-ae15-71894a874de0,2026-08-12T12:26:13.462207+00:00,send,864.44,fraud_demo_030,fraud_demo_008,False,0.009042826009705001,0,0,0.6207062835685748
b28954fd-d103-406e-b58c-26682885d3a7,2026-08-12T12:36:13.462207+00:00,send,1444.67,fraud_demo_031,fraud_demo_012,False,0.014530513454657812,0,0,1.4037779483641522
c0637fc9-9a85-41b2-a3cb-a80aae5e94d7,2026-08-12T13:13:13.462207+00:00,send,870.28,fraud_demo_032,fraud_demo_009,False,0.008154482027635173,0,0,0.797079952778687
96166e70-8fd9-4f94-a2ad-67728386ea7b,2026-08-12T13:34:13.462207+00:00,send,502.62,fraud_demo_033,fraud_demo_029,False,0.004821812528366356,0,0,0.5180735898444387
09cde991-36bb-436d-85bc-bd75f48c4bce,2026-08-12T14:06:13.462207+00:00,send,1634.85,fraud_demo_034,fraud_demo_001,False,0.017311416375328157,0,0,1.8523853625170181
283bba1c-01ae-4dc3-b784-438e16e288cb,2026-08-12T14:15:13.462207+00:00,send,1867.06,fraud_demo_035,fraud_demo_038,False,0.019398340378296002,0,0,1.4934687837459506
afefc73c-3d8e-4c30-b870-48e458d7a4ba,2026-08-12T14:47:13.462207+00:00,send,1099.99,fraud_demo_036,fraud_demo_028,False,0.010517327167191457,0,0,1.1516296810177193
29b8faa4-3e77-4017-8c63-e7a0745b85f5,2026-08-12T15:00:13.462207+00:00,send,2334.77,fraud_demo_037,fraud_demo_025,False,0.0219754579134172,0,0,2.4843278437337415
b6d5e073-b9bc-4a5a-9881-45fdeffa7e16,2026-08-12T15:39:13.462207+00:00,send,906.78,fraud_demo_038,fraud_demo_011,False,0.007959368057178803,0,0,1.2476849622301416
0c835e49-26a3-4fdf-9589-451763b3dd12,2026-08-12T15:55:13.462207+00:00,send,407.86,fraud_demo_039,fraud_demo_011,False,0.004251937902065943,0,0,0.34516234924585626
d8b8c3ed-36d2-4332-aed3-ac85e24aae1e,2026-08-12T16:24:13.462207+00:00,send,431.16,fraud_demo_040,fraud_demo_022,False,0.004643857309632384,0,0,0.3602172901696161
ac5a554e-7d56-4ddf-88b2-c31aab1fa76d,2026-08-12T16:54:13.462207+00:00,send,439.23,fraud_demo_001,fraud_demo_017,False,0.004356436507737353,0,0,0.44091893999966875
9b88893b-437f-4eab-b0bc-35de796f0a2f,2026-08-12T17:10:13.462207+00:00,send,413.62,fraud_demo_002,fraud_demo_030,False,0.004425737974312702,0,0,0.4321363963803014
2ce46666-c866-46d8-8092-04bc68a1818d,2026-08-12T17:25:13.462207+00:00,send,418.76,fraud_demo_003,fraud_demo_009,False,0.004447905200860479,0,0,0.456508704799904
19415303-b90d-4e70-bc8f-15ff6a229890,2026-08-12T17:57:13.462207+00:00,send,1171.58,fraud_demo_004,fraud_demo_037,False,0.011405164380857221,0,0,1.2070298635783647
96e9a865-3ccc-4561-8c45-a9ae0da52fd1,2026-08-12T18:26:13.462207+00:00,send,1064.51,fraud_demo_005,fraud_demo_034,False,0.010790840006037543,0,0,1.1125952542953925
d88db154-838b-4e70-af46-15795b1ed19f,2026-08-12T18:43:13.462207+00:00,send,783.41,fraud_demo_006,fraud_demo_023,False,0.0067024158504208255,0,0,0.8746993050170634
599ebfe5-bca3-40be-8d56-ead3df7a269e,2026-08-12T19:15:13.462207+00:00,send,454.11,fraud_demo_007,fraud_demo_031,False,0.004259742316123139,0,0,0.48128860835829723
ce0d5dd2-c7ef-40e3-bce4-a79af02b2917,2026-08-12T19:31:13.462207+00:00,send,1129.96,fraud_demo_008,fraud_demo_025,False,0.011239865733558996,0,0,0.9519761576292427
da3e0e42-0b8b-400e-a62d-456f902d329c,2026-08-12T19:57:13.462207+00:00,send,372.45,fraud_demo_009,fraud_demo_001,False,0.0033562393250503152,0,0,0.36304938085678484
aa48cca0-2c79-4dac-af1b-95d6a57c9483,2026-08-12T20:13:13.462207+00:00,send,962.59,fraud_demo_010,fraud_demo_037,False,0.009505872203448711,0,0,0.9062126957707125
87fcbe9e-dfac-49c5-8113-089cd4b79e15,2026-08-12T20:49:13.462207+00:00,send,862.53,fraud_demo_011,fraud_demo_012,False,0.00915040514993412,0,0,0.795768595773301
6148ba9b-a992-4c4d-ab21-2521089681d3,2026-08-12T21:03:13.462207+00:00,send,672.95,fraud_demo_012,fraud_demo_007,False,0.006881788473487499,0,0,0.5249393993170601
9ee22638-f9c6-4e3c-bc5b-30c550f2f5c4,2026-08-12T21:37:13.462207+00:00,send,577.69,fraud_demo_013,fraud_demo_027,False,0.005486406828524648,0,0,0.5638274562469836
f49630b9-a97f-4ad4-9e34-c1ba9a2c9f5d,2026-08-12T22:02:13.462207+00:00,send,1296.94,fraud_demo_014,fraud_demo_003,False,0.01452601340711143,0,0,1.1227488795798284
9ea897b0-0d38-445b-809a-c2256c6ad5b7,2026-08-12T22:28:13.462207+00:00,send,451.30,fraud_demo_015,fraud_demo_031,False,0.004327269275429301,0,0,0.46668641785341825
82ee4629-3b75-4cf3-be49-b21d62ba8bdc,2026-08-12T22:54:13.462207+00:00,send,980.97,fraud_demo_016,fraud_demo_004,False,0.009550098711709715,0,0,0.9050077241680893
55a28b72-64cb-44b0-838b-5a2c4e36c37f,2026-08-12T23:10:13.462207+00:00,send,301.20,fraud_demo_017,fraud_demo_032,False,0.0032310212365628892,0,0,0.25930711966782516
39e62eb6-05b4-455a-a6f3-d3e960227548,2026-08-12T23:31:13.462207+00:00,send,1667.40,fraud_demo_018,fraud_demo_034,False,0.015188987847170035,0,0,1.8642884336186865
34721961-45e0-4241-af6f-90614b593505,2026-08-12T23:57:13.462207+00:00,send,775.38,fraud_demo_019,fraud_demo_018,False,0.007756854649360916,0,0,0.7063977840001422
9cc2d04c-fe1c-44ea-ad36-ff5d7576c628,2026-08-13T00:28:13.462207+00:00,send,1253.50,fraud_demo_020,fraud_demo_030,False,0.012515264679127485,0,0,1.469111161377202
c5bb3f5b-1e25-437b-986e-60e9577703ed,2026-08-13T00:46:13.462207+00:00,send,1836.93,fraud_demo_021,fraud_demo_020,False,0.019078941218626824,0,0,1.4776432582269938
d4f0646b-a1b1-442a-b997-bf1f25237d11,2026-08-13T01:09:13.462207+00:00,send,1050.00,fraud_demo_022,fraud_demo_037,False,0.00952865639047962,0,0,0.8241046691415967
502532be-ef60-470e-b17f-17accdbf6586,2026-08-13T01:34:13.462207+00:00,send,461.99,fraud_demo_023,fraud_demo_024,False,0.004853363784823245,0,0,0.42549644629096295
4d72d100-2813-4017-8317-8d6e13e61293,2026-08-13T02:06:13.462207+00:00,send,1575.17,fraud_demo_024,fraud_demo_008,False,0.015540148845733263,0,0,1.5012864397951418
f8ab10b9-724a-46bb-89f1-ff635d9583db,2026-08-13T02:29:13.462207+00:00,send,4226.12,fraud_demo_025,fraud_demo_038,False,0.0446295802499122,0,0,4.273612657462379
80d46883-de6f-4e46-9656-feb0bc487207,2026-08-13T02:36:13.462207+00:00,send,1663.39,fraud_demo_026,fraud_demo_019,False,0.016687086751603384,0,0,1.7832254232827347
1bbda296-a87e-48b2-8063-2141a117e9a7,2026-08-13T03:01:13.462207+00:00,send,492.88,fraud_demo_027,fraud_demo_035,False,0.005176759534226083,0,0,0.42799137209407334
ee53c277-cf96-4c1e-81b1-6f4c9d4e398b,2026-08-13T03:29:13.462207+00:00,send,289.03,fraud_demo_028,fraud_demo_004,False,0.002971560287625403,0,0,0.2838956060173728
aa471d2c-e5fa-468b-b2ff-c32a26b9ee8e,2026-08-13T03:49:13.462207+00:00,send,1099.62,fraud_demo_029,fraud_demo_019,False,0.011678629007419552,0,0,1.108304675436722
3fe568c0-ed8a-416e-bcfa-b446ef65c04e,2026-08-13T04:23:13.462207+00:00,send,488.48,fraud_demo_030,fraud_demo_019,False,0.005067393911554432,0,0,0.35753077745085127
fa23dbf5-5bc9-4ed4-8a37-7bb4e63034e0,2026-08-13T04:43:13.462207+00:00,send,1512.23,fraud_demo_031,fraud_demo_029,False,0.015292980365970486,0,0,1.4403466211769234
aaabe758-69a7-4c98-9fa5-b75c546e6724,2026-08-13T05:09:13.462207+00:00,send,3406.43,fraud_demo_032,fraud_demo_034,False,0.032089194060951405,0,0,3.15189115041996
f3db7a8c-07f9-4e36-bb70-909bceb30f5a,2026-08-13T05:34:13.462207+00:00,send,1732.03,fraud_demo_033,fraud_demo_004,False,0.01669648750354144,0,0,1.8293640587942355
4104c1cc-7f8a-4c6d-b82b-31909d95e793,2026-08-13T05:55:13.462207+00:00,send,1653.50,fraud_demo_034,fraud_demo_037,False,0.016711951152386825,0,0,1.7969329880381968
ed80681c-04c7-4bb0-8c4f-db9bc78b021d,2026-08-13T06:18:13.462207+00:00,send,1526.76,fraud_demo_035,fraud_demo_024,False,0.016092457532738597,0,0,1.1918543039378358
331357aa-a765-48c0-83f2-7a04502c2995,2026-08-13T06:38:13.462207+00:00,send,709.04,fraud_demo_036,fraud_demo_013,False,0.006851397891376588,0,0,0.7367407141098148
a507407b-85a1-4154-b447-682dfc51a438,2026-08-13T07:05:13.462207+00:00,send,676.37,fraud_demo_037,fraud_demo_012,False,0.00621964695592986,0,0,0.669973096871075
2b705f32-cc9d-4298-acc9-daff00fb385d,2026-08-13T07:25:13.462207+00:00,send,540.10,fraud_demo_038,fraud_demo_039,False,0.004606574565311564,0,0,0.7340604169370749
48b352bf-500c-454c-af81-57a43430650e,2026-08-13T07:57:13.462207+00:00,send,2448.54,fraud_demo_039,fraud_demo_010,False,0.02549087215773871,0,0,2.142284380652824
b05e67f4-caba-4419-aa22-b4427af1a633,2026-08-13T08:14:13.462207+00:00,send,1649.26,fraud_demo_040,fraud_demo_032,False,0.01784641667659481,0,0,1.4234263003223566
10c05809-708b-403f-aa50-7de6a7eeaae4,2026-08-13T08:52:13.462207+00:00,send,1567.25,fraud_demo_001,fraud_demo_022,False,0.015554835447259203,0,0,1.6163072335485318
2ffcac69-4e68-40b5-a170-8a7430c41918,2026-08-13T09:17:13.462207+00:00,send,1238.06,fraud_demo_002,fraud_demo_006,False,0.01330614340017179,0,0,1.329433210698151
2d438ec5-33ac-4891-802f-d5dc41892b83,2026-08-13T09:30:13.462207+00:00,send,780.50,fraud_demo_003,fraud_demo_036,False,0.008213552793570845,0,0,0.8734630929136007
a3da68b9-0159-409b-bf2f-76ec394d2033,2026-08-13T10:04:13.462207+00:00,send,716.49,fraud_demo_004,fraud_demo_023,False,0.006852816566047298,0,0,0.7309634238704559
5aa44e7d-eead-438c-bbd3-c48e7201802c,2026-08-13T10:19:13.462207+00:00,send,1196.98,fraud_demo_005,fraud_demo_032,False,0.012266037061061701,0,0,1.244377140147118
f5801c2d-ddb2-4b7e-bf6a-cef0c0bb9bed,2026-08-13T10:39:13.462207+00:00,send,1157.07,fraud_demo_006,fraud_demo_003,False,0.009860884714141555,0,0,1.2996558636890727
62b48add-9f7b-49dd-b4cd-90d12efefb2f,2026-08-13T11:00:13.462207+00:00,send,390.70,fraud_demo_007,fraud_demo_026,False,0.0036574219172716806,0,0,0.42457062722836575
75b9c055-fd24-4d11-a41a-dbac94d0c5c2,2026-08-13T11:40:13.462207+00:00,send,1460.08,fraud_demo_008,fraud_demo_035,False,0.01445957907500604,0,0,1.2329173303052248
0c58971e-e67a-409d-8d8a-01f11de2bc77,2026-08-13T11:54:13.462207+00:00,send,882.10,fraud_demo_009,fraud_demo_030,False,0.00797558986679653,0,0,0.8867312707512379
316f8b57-0d54-4bef-bc73-16b7e27ea329,2026-08-13T12:17:13.462207+00:00,send,1156.50,fraud_demo_010,fraud_demo_022,False,0.011255625623001064,0,0,1.093650016684056
26aea0c4-92cd-4564-ba25-4b12818aea5d,2026-08-13T12:42:13.462207+00:00,send,976.51,fraud_demo_011,fraud_demo_036,False,0.01045526567933852,0,0,0.9097741658991573
fcbb7c45-b68b-4abb-92c2-c3d064d5c812,2026-08-13T13:03:13.462207+00:00,send,1632.78,fraud_demo_012,fraud_demo_015,False,0.016696713893476357,0,0,1.3031411403878823
281949d7-f057-4696-a625-4de9d1c9a740,2026-08-13T13:37:13.462207+00:00,send,1012.16,fraud_demo_013,fraud_demo_015,False,0.009600655928468597,0,0,1.0088251124141052
4d3fe3e9-a729-4d90-b183-13bddbadd195,2026-08-13T14:02:13.462207+00:00,send,1182.37,fraud_demo_014,fraud_demo_005,False,0.013438004832985597,0,0,1.0176185292714552
2db4fbc7-348c-4b09-aa67-4eeb48976abb,2026-08-13T14:14:13.462207+00:00,send,598.16,fraud_demo_015,fraud_demo_023,False,0.0056172779566541035,0,0,0.6346714389869396
c6451e22-13cb-4438-8f8f-68fc6830d0e5,2026-08-13T14:48:13.462207+00:00,send,766.03,fraud_demo_016,fraud_demo_038,False,0.007529487206958618,0,0,0.7099230880577307
69ef6848-0949-42fb-8a00-250c213b1420,2026-08-13T15:03:13.462207+00:00,send,676.04,fraud_demo_017,fraud_demo_029,False,0.007275497981599246,0,0,0.603290620482281
b9a75c8c-8be7-40d8-bd1a-b15cbbfe561b,2026-08-13T15:33:13.462207+00:00,send,685.35,fraud_demo_018,fraud_demo_036,False,0.006294262343862619,0,0,0.7359862011056912
e2903c96-a52d-4232-ad2c-55e2f9c40eb2,2026-08-13T16:02:13.462207+00:00,send,1032.72,fraud_demo_019,fraud_demo_021,False,0.010081540088208593,0,0,0.9541838532764002
9dd55469-d960-4c2f-9375-cadf11679cb5,2026-08-13T16:27:13.462207+00:00,send,670.69,fraud_demo_020,fraud_demo_026,False,0.006657559495070138,0,0,0.7688779053009459
b7121458-df31-4f61-be97-9536665aa136,2026-08-13T16:48:13.462207+00:00,send,931.28,fraud_demo_021,fraud_demo_011,False,0.009754044695285078,0,0,0.7324701590642662
b89ef9d1-2005-48a8-b81a-3b0ae7fa8d66,2026-08-13T17:09:13.462207+00:00,send,529.21,fraud_demo_022,fraud_demo_036,False,0.004730678667035794,0,0,0.4188650017714325
bde170e1-0ba1-4864-965a-71a4105b8cc0,2026-08-13T17:25:13.462207+00:00,send,1355.37,fraud_demo_023,fraud_demo_025,False,0.014112217833994202,0,0,1.283417345550614
0744ed83-3f9a-4406-9661-58efbbd1b929,2026-08-13T18:05:13.462207+00:00,send,1005.50,fraud_demo_024,fraud_demo_001,False,0.009924697652056386,0,0,0.9359939785739363
8bce231a-1848-4f83-ac59-415f42995bc2,2026-08-13T18:23:13.462207+00:00,send,431.76,fraud_demo_025,fraud_demo_006,False,0.004702115494568323,0,0,0.3777292485458589
7f19b65a-9947-477a-9d44-9dc70b8c1383,2026-08-13T18:52:13.462207+00:00,send,711.40,fraud_demo_026,fraud_demo_014,False,0.007180109421476358,0,0,0.7352298497590475
17f956ff-4635-4e3b-9e5e-e9f889e8e447,2026-08-13T19:08:13.462207+00:00,send,595.53,fraud_demo_027,fraud_demo_010,False,0.006287449615835595,0,0,0.5316074902062137
316857bc-e647-423c-9fc0-b1e82d1281b8,2026-08-13T19:42:13.462207+00:00,send,297.33,fraud_demo_028,fraud_demo_013,False,0.003066004635974721,0,0,0.30235865639681675
fbfa14f5-6fab-4938-8efd-8c435dcddc05,2026-08-13T19:50:13.462207+00:00,send,959.16,fraud_demo_029,fraud_demo_004,False,0.01007042345943761,0,0,0.961775112329238
64cee5fc-e7a1-42b4-9a02-26b1f551672b,2026-08-13T20:16:13.462207+00:00,send,881.78,fraud_demo_030,fraud_demo_017,False,0.009110209482746774,0,0,0.6657651918048959
10ff15ed-a32e-4739-9ff7-d167055c239c,2026-08-13T20:42:13.462207+00:00,send,333.01,fraud_demo_031,fraud_demo_016,False,0.003419987532311749,0,0,0.31066615075629583
5cb27892-ddaf-4cb0-bcf8-af973ea0d21a,2026-08-13T21:09:13.462207+00:00,send,880.19,fraud_demo_032,fraud_demo_021,False,0.008335538301769613,0,0,0.7387219352255134
022bac9e-4cbf-4d32-a177-a810698bc2df,2026-08-13T21:34:13.462207+00:00,send,421.06,fraud_demo_033,fraud_demo_039,False,0.004127870863305968,0,0,0.4278257587853628
be2181df-499e-4576-9ebf-8b46271c0939,2026-08-13T21:55:13.462207+00:00,send,569.50,fraud_demo_034,fraud_demo_028,False,0.0058537736590875316,0,0,0.596273236183931
cf8511f8-dd54-4a18-8c21-1e9ba0c6e3ce,2026-08-13T22:22:13.462207+00:00,send,646.15,fraud_demo_035,fraud_demo_028,False,0.006815383326944955,0,0,0.49984583744525574
a881015b-29f6-4550-8971-3fcfe4589842,2026-08-13T22:45:13.462207+00:00,send,850.08,fraud_demo_036,fraud_demo_031,False,0.00803851314740584,0,0,0.8945045011639992
748611d7-90aa-4b39-a996-13f2490a3fbf,2026-08-13T23:02:13.462207+00:00,send,952.56,fraud_demo_037,fraud_demo_032,False,0.00881420873840669,0,0,0.9586161717862324
65cea374-d9d0-41da-9866-2bca01c32bd1,2026-08-13T23:41:13.462207+00:00,send,1330.83,fraud_demo_038,fraud_demo_018,False,0.011328970285533329,0,0,1.8319564537665405
6242c583-47c4-4987-9ad2-40593769dbcd,2026-08-13T23:48:13.462207+00:00,send,357.23,fraud_demo_039,fraud_demo_013,False,0.0037991842436855034,0,0,0.2964249206466493
853a89e7-3437-4e2e-a5cd-19ffb192b35d,2026-08-14T00:18:13.462207+00:00,send,1239.62,fraud_demo_040,fraud_demo_038,False,0.013657495674810533,0,0,1.0487326748947319
86462e82-3c5e-4ce0-a649-f49c667be8f2,2026-08-14T00:53:13.462207+00:00,send,998.88,fraud_demo_001,fraud_demo_004,False,0.009969389598451811,0,0,1.0020743397019682
a9450918-9d31-4b16-931e-8619b4bc74e0,2026-08-14T01:12:13.462207+00:00,send,1064.83,fraud_demo_002,fraud_demo_032,False,0.011598674511890159,0,0,1.1265490117438521
9b795356-b038-415a-b3ab-0eed68e05d9f,2026-08-14T01:33:13.462207+00:00,send,2208.23,fraud_demo_003,fraud_demo_016,False,0.023146472983290575,0,0,2.48554191101156
3ad44610-498a-40f0-9632-d87c44d1cc72,2026-08-14T02:00:13.462207+00:00,send,838.80,fraud_demo_004,fraud_demo_010,False,0.007928493083457883,0,0,0.8663385394269102
246c266c-26f6-4c90-854c-ccbbc9b7f5b8,2026-08-14T02:17:13.462207+00:00,send,903.31,fraud_demo_005,fraud_demo_025,False,0.009258043611431307,0,0,0.9287618748513233
319c2959-6733-4573-889d-fe82dda7ce1c,2026-08-14T02:54:13.462207+00:00,send,599.69,fraud_demo_006,fraud_demo_034,False,0.005142518835207352,0,0,0.6645383730037803
d20378b3-2a24-4dbd-a0e4-ef182af92b81,2026-08-14T03:11:13.462207+00:00,send,1381.58,fraud_demo_007,fraud_demo_038,False,0.012980726499010926,0,0,1.5416760501942641
61cd47f2-5833-4b77-8014-18c0a431879b,2026-08-14T03:26:13.462207+00:00,send,534.96,fraud_demo_008,fraud_demo_003,False,0.0053755866610367825,0,0,0.4469972414751784
cbb2ef24-9de8-4026-b3c6-58079b0c6a51,2026-08-14T03:54:13.462207+00:00,send,789.42,fraud_demo_009,fraud_demo_018,False,0.007194999319618584,0,0,0.7976715496026623
92f5ae16-fa27-48d1-83a4-fde51eae2329,2026-08-14T04:27:13.462207+00:00,send,1639.72,fraud_demo_010,fraud_demo_035,False,0.01591552460557458,0,0,1.5440367447619836
5f4a82ef-40fc-4e16-aa07-dad29028e494,2026-08-14T04:52:13.462207+00:00,send,1049.71,fraud_demo_011,fraud_demo_031,False,0.01124444638687897,0,0,0.9819989411892275
ab72ca66-c0a0-4d59-a1c0-d0e4b6b9fef3,2026-08-14T05:17:13.462207+00:00,send,1378.71,fraud_demo_012,fraud_demo_019,False,0.014338006350400154,0,0,1.0854088477030497
3dca7e89-2ab8-49e0-a66a-a1d3461745d2,2026-08-14T05:35:13.462207+00:00,send,369.23,fraud_demo_013,fraud_demo_038,False,0.0035141826006321814,0,0,0.3678658864084907
1e47f0ca-c1c3-4b4b-ade8-bf7350ff4ef3,2026-08-14T06:04:13.462207+00:00,send,2163.20,fraud_demo_014,fraud_demo_039,False,0.024717751772389187,0,0,1.8602898494073037
6ae957e1-8abc-442e-beab-b57153c3d9d7,2026-08-14T06:28:13.462207+00:00,send,255.19,fraud_demo_015,fraud_demo_018,False,0.0024100088036765038,0,0,0.27533892723271675
4bd86f9a-d7fb-4df8-b046-387a96c7fe63,2026-08-14T06:51:13.462207+00:00,send,314.42,fraud_demo_016,fraud_demo_027,False,0.0030375060801806136,0,0,0.2952841130535638
cd3f5169-50c0-4452-ba5e-1581bd6def68,2026-08-14T07:07:13.462207+00:00,send,1708.84,fraud_demo_017,fraud_demo_032,False,0.018349794213936756,0,0,1.5529531509336847
1ceed43f-b4eb-4d0b-8931-8ba821f58d9b,2026-08-14T07:28:13.462207+00:00,send,915.14,fraud_demo_018,fraud_demo_005,False,0.008276194874843736,0,0,0.9946908531096501
308059e4-acfe-4ca6-adf5-12ef0b28498e,2026-08-14T07:51:13.462207+00:00,send,398.48,fraud_demo_019,fraud_demo_012,False,0.003876916275420615,0,0,0.36894479522683443
a09625cb-b887-40be-9588-7885ea8ca0fc,2026-08-14T08:15:13.462207+00:00,send,796.09,fraud_demo_020,fraud_demo_015,False,0.007955297084263555,0,0,0.9223257971881512
348ecc31-57d1-415a-824c-ed12bf820f78,2026-08-14T08:54:13.462207+00:00,send,1233.19,fraud_demo_021,fraud_demo_032,False,0.012923106265430931,0,0,0.9818683096414992
c484767f-71a1-403c-b776-239ae7985b61,2026-08-14T09:07:13.462207+00:00,send,1136.67,fraud_demo_022,fraud_demo_011,False,0.010209140668911714,0,0,0.9240738010325404
bb6c7c4b-d756-4082-ab71-a6c8b312dd76,2026-08-14T09:28:13.462207+00:00,send,379.45,fraud_demo_023,fraud_demo_003,False,0.004007416439901848,0,0,0.35473617561945714
9837f1aa-b84d-4bdf-9036-5dc0e163e35b,2026-08-14T09:53:13.462207+00:00,send,510.35,fraud_demo_024,fraud_demo_034,False,0.0050878594113834665,0,0,0.47645782251089974
28bc28d7-661b-45d0-ac6f-6055af3dbf9c,2026-08-14T10:21:13.462207+00:00,send,954.47,fraud_demo_025,fraud_demo_035,False,0.010341620071933125,0,0,0.8593332192921644
f82f8448-efe4-44fc-8ec3-afd1f781d0d6,2026-08-14T10:51:13.462207+00:00,send,455.05,fraud_demo_026,fraud_demo_006,False,0.004626002372522653,0,0,0.47602178903663017
99483955-8a90-415e-9d5d-cb76eb435fa8,2026-08-14T11:05:13.462207+00:00,send,1426.90,fraud_demo_027,fraud_demo_032,False,0.015109679926595914,0,0,1.301449173218798
f9d8ae3a-a721-4fe4-9a1f-f45ae93da451,2026-08-14T11:34:13.462207+00:00,send,401.19,fraud_demo_028,fraud_demo_034,False,0.004098179380311638,0,0,0.4213361899210763
ca3f1101-2261-49dd-803d-425c6cbeabff,2026-08-14T12:00:13.462207+00:00,send,990.11,fraud_demo_029,fraud_demo_031,False,0.010501124821275335,0,0,0.9945375001255589
65cd89ec-e7b6-4851-a361-9e3ee0a66247,2026-08-14T12:25:13.462207+00:00,send,1137.25,fraud_demo_030,fraud_demo_025,False,0.011857652285985405,0,0,0.8718975057378415
b7cbaa33-2bd4-43f5-a858-7c36e5f4718f,2026-08-14T12:37:13.462207+00:00,send,1013.36,fraud_demo_031,fraud_demo_010,False,0.010140841574968683,0,0,0.9759466418717369
7f1b351b-2f85-4742-b28d-52d3bfa7146b,2026-08-14T13:15:13.462207+00:00,send,901.05,fraud_demo_032,fraud_demo_036,False,0.008110188757093883,0,0,0.7653183546915905
e524f3c2-4984-4ce9-a48d-d804505f4b8d,2026-08-14T13:24:13.462207+00:00,send,2045.22,fraud_demo_033,fraud_demo_009,False,0.020133467082615125,0,0,2.1335732060755963
8432a793-f7b2-433e-a1eb-2ad63fafd4e0,2026-08-14T13:49:13.462207+00:00,send,928.00,fraud_demo_034,fraud_demo_028,False,0.009447273423231744,0,0,0.9897908426893842
ef2d015b-31e1-4b9e-9f8d-3853091ecd93,2026-08-14T14:27:13.462207+00:00,send,302.30,fraud_demo_035,fraud_demo_034,False,0.003124366315879119,0,0,0.23929201858609528
88ee2cad-e75d-4863-bb35-3126a0df1567,2026-08-14T14:54:13.462207+00:00,send,436.20,fraud_demo_036,fraud_demo_025,False,0.0041228004760218324,0,0,0.4612070664204691
2d406ed8-6f4f-4819-92d3-4d440770bfc0,2026-08-14T15:07:13.462207+00:00,send,817.04,fraud_demo_037,fraud_demo_007,False,0.007627447758741728,0,0,0.8237841712309274
f97aceb6-29de-4ca5-93ed-f3587730a4de,2026-08-14T15:24:13.462207+00:00,send,807.32,fraud_demo_038,fraud_demo_006,False,0.0067767415702042295,0,0,1.070823340170285
a7647513-0586-4bf0-b6ab-bfa48e232949,2026-08-14T16:00:13.462207+00:00,send,938.50,fraud_demo_039,fraud_demo_037,False,0.009792970243874698,0,0,0.8044833180855423
b3e261e3-7662-47d0-b498-8ca082da84ae,2026-08-14T16:23:13.462207+00:00,send,1163.25,fraud_demo_040,fraud_demo_014,False,0.012993549636700014,0,0,0.9819476494111347
ebf4d098-8491-4009-a2da-c97236fc73a7,2026-08-14T16:44:13.462207+00:00,send,352.53,fraud_demo_001,fraud_demo_008,False,0.003553879588877837,0,0,0.3536254702066183
f0aece0d-86b8-464a-b17c-69aad11f3a38,2026-08-14T17:11:13.462207+00:00,send,1605.26,fraud_demo_002,fraud_demo_018,False,0.0176905016290809,0,0,1.6890099242710506
ef735222-7974-451e-8d85-9097460b0488,2026-08-14T17:30:13.462207+00:00,send,1939.37,fraud_demo_003,fraud_demo_019,False,0.020607782793967223,0,0,2.05048017141
711f6d08-4447-40ab-a6ff-99af1dc19cbb,2026-08-14T17:53:13.462207+00:00,send,1003.37,fraud_demo_004,fraud_demo_028,False,0.009559834309035982,0,0,1.0423691071335008
d5056bcc-320a-4f14-b223-013ede6ed44a,2026-08-14T18:21:13.462207+00:00,send,1000.25,fraud_demo_005,fraud_demo_025,False,0.010250340943607293,0,0,1.031628552287356
a10e2e23-f8d3-4e74-b5b5-e7d17c5ced29,2026-08-14T18:40:13.462207+00:00,send,545.31,fraud_demo_006,fraud_demo_038,False,0.004649771131087034,0,0,0.6132219290817313
cb83b17e-6ac3-4744-8d80-a7b4f1358cd4,2026-08-14T19:05:13.462207+00:00,send,1369.93,fraud_demo_007,fraud_demo_009,False,0.012939903639075745,0,0,1.493502387545516
491a4e58-a494-4c75-bf08-dfb4582effb5,2026-08-14T19:34:13.462207+00:00,send,572.81,fraud_demo_008,fraud_demo_007,False,0.005766496215047895,0,0,0.49041495668034646
42a1fdb1-b038-435e-a3b6-b1b8dfa157c4,2026-08-14T19:49:13.462207+00:00,send,1262.79,fraud_demo_009,fraud_demo_037,False,0.011240426690973054,0,0,1.2873138892927172
599ebb59-3c45-4ffd-99a4-1b48d5f8dc36,2026-08-14T20:14:13.462207+00:00,send,673.60,fraud_demo_010,fraud_demo_012,False,0.0065781192184499035,0,0,0.6196364043586683
d94ba5c0-21f2-4490-8f51-210bd4eb96e1,2026-08-14T20:38:13.462207+00:00,send,839.77,fraud_demo_011,fraud_demo_010,False,0.008987206845846453,0,0,0.7862163598958913
d4e9a78d-b1c4-4afe-a50f-c7187c8fae01,2026-08-14T21:01:13.462207+00:00,send,629.37,fraud_demo_012,fraud_demo_005,False,0.006566122513578092,0,0,0.4936472648812782
c2101569-229f-498a-8d02-2be3a4a85eb0,2026-08-14T21:40:13.462207+00:00,send,1768.72,fraud_demo_013,fraud_demo_026,False,0.01689333166506368,0,0,1.811986293590298
fb5377e4-7bb9-495a-8121-63af924caf3d,2026-08-14T21:53:13.462207+00:00,send,1474.41,fraud_demo_014,fraud_demo_020,False,0.01704203032730325,0,0,1.2222339158312443
8768087b-aafd-40aa-a00f-581cc85580bb,2026-08-14T22:28:13.462207+00:00,send,835.36,fraud_demo_015,fraud_demo_033,False,0.007849026877016382,0,0,0.9306388003832358
15e077eb-75f7-4c0c-aadc-0b06a938ff4e,2026-08-14T22:52:13.462207+00:00,send,236.71,fraud_demo_016,fraud_demo_020,False,0.002293743113368429,0,0,0.22933025219322722
90bb0027-e171-491b-8045-045ed33825fa,2026-08-14T23:01:13.462207+00:00,send,1460.58,fraud_demo_017,fraud_demo_035,False,0.01597711585372524,0,0,1.2961783709826902
b3aa2937-dc66-49c9-8a4f-2625bbe60aa6,2026-08-14T23:36:13.462207+00:00,send,1350.10,fraud_demo_018,fraud_demo_025,False,0.012134084464408378,0,0,1.467799664203656
d6d4c87c-edc8-4154-9afc-70c9855e17ee,2026-08-14T23:50:13.462207+00:00,send,1062.54,fraud_demo_019,fraud_demo_027,False,0.01018503865040713,0,0,1.011538660535231
76e56f12-bc36-4739-b75a-4d8a0c5e8569,2026-08-15T00:29:13.462207+00:00,send,1065.14,fraud_demo_020,fraud_demo_006,False,0.010547459010435762,0,0,1.238220633590464
e0b16449-8802-4c49-af19-de53625b4884,2026-08-15T00:42:13.462207+00:00,send,525.47,fraud_demo_021,fraud_demo_039,False,0.00557871097559124,0,0,0.41871033388222234
8be05001-6c32-406f-a29f-1cffc7cc1463,2026-08-15T01:08:13.462207+00:00,send,2330.40,fraud_demo_022,fraud_demo_031,False,0.02114666195530944,0,0,1.900810267933136
1d408274-8f20-45ec-9dee-238226389e8b,2026-08-15T01:26:13.462207+00:00,send,813.98,fraud_demo_023,fraud_demo_012,False,0.008631127813920187,0,0,0.7829300167488078
856f68e7-7323-47ee-9f4a-c7ee47664d0c,2026-08-15T02:00:13.462207+00:00,send,1131.25,fraud_demo_024,fraud_demo_034,False,0.011335504272370348,0,0,1.0807242612653887
4124e125-f7f9-462f-9246-00799f8c6d90,2026-08-15T02:22:13.462207+00:00,send,879.71,fraud_demo_025,fraud_demo_038,False,0.00923450333171046,0,0,0.7968987112688455
95524893-26c9-46f6-94be-a995e2d7fbb7,2026-08-15T02:36:13.462207+00:00,send,4702.54,fraud_demo_026,fraud_demo_031,False,0.047175635528905344,0,0,5.033946590796437
b2a0a07f-9d99-4770-bbc6-751f71767329,2026-08-15T03:10:13.462207+00:00,send,1115.17,fraud_demo_027,fraud_demo_032,False,0.011854457111956736,0,0,1.0039675037332347
a3711922-05a6-44a5-b74c-53e3fae02d05,2026-08-15T03:24:13.462207+00:00,send,2183.75,fraud_demo_028,fraud_demo_027,False,0.021963820520962206,0,0,2.352599106479569
cb12ff4b-4fc2-4f68-b106-daf8201a1499,2026-08-15T03:58:13.462207+00:00,send,690.98,fraud_demo_029,fraud_demo_017,False,0.0074063212584293565,0,0,0.6942347536297346
fac59003-089e-468f-bb6c-45f886cb3b07,2026-08-15T04:22:13.462207+00:00,send,955.90,fraud_demo_030,fraud_demo_005,False,0.010086389041068136,0,0,0.7369662360543175
670e57f6-6900-47d3-bae5-c5f7864e3986,2026-08-15T04:41:13.462207+00:00,send,481.58,fraud_demo_031,fraud_demo_023,False,0.004545430090958626,0,0,0.4642855645825875
1ee0da37-d524-44d9-a490-366c0ede0da1,2026-08-15T05:07:13.462207+00:00,send,896.79,fraud_demo_032,fraud_demo_013,False,0.008056318679467683,0,0,0.7695522336828737
e45f0335-6bf6-4cc2-9cd4-8578479a7ba0,2026-08-15T05:31:13.462207+00:00,send,634.58,fraud_demo_033,fraud_demo_017,False,0.006322203009487391,0,0,0.6308993878322033
f9b34722-aac9-444b-8092-ed0d576c1fbc,2026-08-15T05:50:13.462207+00:00,send,624.31,fraud_demo_034,fraud_demo_023,False,0.006323090253248724,0,0,0.6661753557712559
27e9b693-27bd-499e-9977-9fc5f651e174,2026-08-15T06:29:13.462207+00:00,send,1415.95,fraud_demo_035,fraud_demo_032,False,0.01446117456254934,0,0,1.1591639402145284
29badfda-7dd6-43c6-a38a-4c4d821724e3,2026-08-15T06:46:13.462207+00:00,send,1513.53,fraud_demo_036,fraud_demo_003,False,0.01436454587153482,0,0,1.6386872309156657
5e6e8a46-4f83-4056-a6d0-53ef5eb901e6,2026-08-15T07:05:13.462207+00:00,send,989.25,fraud_demo_037,fraud_demo_032,False,0.00911728884041081,0,0,1.0051164181715453
e5f46748-bf81-4bd7-85a9-259b4b0a98ba,2026-08-15T07:42:13.462207+00:00,send,687.79,fraud_demo_038,fraud_demo_033,False,0.005743611412900516,0,0,0.9094790860577935
4f336201-c43f-4192-a6e2-028ff2353151,2026-08-15T08:04:13.462207+00:00,send,858.73,fraud_demo_039,fraud_demo_009,False,0.008999379801221995,0,0,0.7424154488407881
46e99dc4-6262-4e9e-8de3-627c521a443c,2026-08-15T08:17:13.462207+00:00,send,652.16,fraud_demo_040,fraud_demo_023,False,0.007380553211031806,0,0,0.5509477789535663
f16af255-f1d9-422e-94c9-4be3ee68ff79,2026-08-15T08:36:13.462207+00:00,send,795.35,fraud_demo_001,fraud_demo_031,False,0.008046575543974708,0,0,0.8199033730104187
7939ddf1-f66e-4685-bd5f-c2eabf42b45a,2026-08-15T09:11:13.462207+00:00,send,791.15,fraud_demo_002,fraud_demo_015,False,0.008875753917408762,0,0,0.8091950496062187
72579965-f09d-4835-9a5c-e42b606e85d3,2026-08-15T09:32:13.462207+00:00,send,601.58,fraud_demo_003,fraud_demo_018,False,0.006421457604054875,0,0,0.6093733776895006
79e014d2-42c0-43cf-9786-c3c772b30a8b,2026-08-15T09:53:13.462207+00:00,send,1734.72,fraud_demo_004,fraud_demo_032,False,0.016687466036487287,0,0,1.7989694441263715
f863776a-defd-483b-8ff2-7fa7f1dd6070,2026-08-15T10:23:13.462207+00:00,send,793.51,fraud_demo_005,fraud_demo_033,False,0.008083254742880358,0,0,0.8173258537200863
64fb8c11-1da8-4bae-b6cc-cbce8ae3d996,2026-08-15T10:41:13.462207+00:00,send,1428.09,fraud_demo_006,fraud_demo_025,False,0.012123358090986861,0,0,1.6322466503001452
6e4cdb27-ca30-4b77-9ae7-abc6df7a5642,2026-08-15T11:07:13.462207+00:00,send,395.19,fraud_demo_007,fraud_demo_038,False,0.0037611524036199337,0,0,0.4221568520103565
ee9438f2-496f-4cc8-b79f-e6c328d6cf4d,2026-08-15T11:41:13.462207+00:00,send,2600.55,fraud_demo_008,fraud_demo_007,False,0.026331659736492027,0,0,2.2747772538311324
c4b1feed-77b7-4d14-bb94-b8e173f78e5f,2026-08-15T11:52:13.462207+00:00,send,1364.01,fraud_demo_009,fraud_demo_029,False,0.012185238567176534,0,0,1.3740503000466322
b50b07be-0096-4739-94dd-a90498bdebec,2026-08-15T12:27:13.462207+00:00,send,1274.45,fraud_demo_010,fraud_demo_032,False,0.012425626126954416,0,0,1.191230164371131
4e9476ee-d148-4c28-bfb2-6a4753cdccd4,2026-08-15T12:51:13.462207+00:00,send,950.92,fraud_demo_011,fraud_demo_009,False,0.010269022426688833,0,0,0.8982796874649449
ae56b222-980c-4f93-a40f-88d8a0283943,2026-08-15T13:08:13.462207+00:00,send,598.91,fraud_demo_012,fraud_demo_021,False,0.006236326699342014,0,0,0.47988045254959777
2e75b51b-8e07-4cd1-ad31-be549061eefa,2026-08-15T13:35:13.462207+00:00,send,1226.32,fraud_demo_013,fraud_demo_032,False,0.011811143824600403,0,0,1.2152044238678454
c14aca62-68e5-4835-a8d6-eea0f03b3fbd,2026-08-15T13:59:13.462207+00:00,send,1194.55,fraud_demo_014,fraud_demo_037,False,0.014046639948006683,0,0,0.9811545982766515
8397a1c0-ec19-4216-86cd-eee61e955994,2026-08-15T14:18:13.462207+00:00,send,789.73,fraud_demo_015,fraud_demo_002,False,0.007423371895111941,0,0,0.8823544199375997
241459cb-ae1d-4fa1-8b76-aebec9665881,2026-08-15T14:41:13.462207+00:00,send,1101.13,fraud_demo_016,fraud_demo_038,False,0.01069458832249982,0,0,1.102193616840251
a05e85b4-9a6e-4485-9bde-a5167ed04353,2026-08-15T15:15:13.462207+00:00,send,590.92,fraud_demo_017,fraud_demo_020,False,0.006473566852953892,0,0,0.518013865248486
477b182b-5187-47b6-baa4-8751b6c28916,2026-08-15T15:33:13.462207+00:00,send,1626.17,fraud_demo_018,fraud_demo_030,False,0.014714264114421938,0,0,1.734135853100848
aeb65714-a884-46dc-a104-cb8c14c5bd21,2026-08-15T15:53:13.462207+00:00,send,1038.29,fraud_demo_019,fraud_demo_031,False,0.010054999430085315,0,0,0.9879776498392884
6454e8f1-7e44-40ad-ba76-6b564e60286c,2026-08-15T16:24:13.462207+00:00,send,742.28,fraud_demo_020,fraud_demo_023,False,0.00738504469748856,0,0,0.8544164649096218
edbdcaae-8a9b-4054-a8c0-90a26fa0ef6c,2026-08-15T16:46:13.462207+00:00,send,490.28,fraud_demo_021,fraud_demo_005,False,0.005201057227223758,0,0,0.4003669295239443
c425fc1a-f881-48b8-a5ab-348c6a360510,2026-08-15T17:12:13.462207+00:00,send,1478.21,fraud_demo_022,fraud_demo_021,False,0.013703448152471197,0,0,1.1620965079165422
6475fd03-a80b-4617-9a30-e3a49c658281,2026-08-15T17:29:13.462207+00:00,send,930.70,fraud_demo_023,fraud_demo_018,False,0.009695413789051461,0,0,0.9033682181562582
bd6b0985-dca2-49e6-b9be-e6328a980129,2026-08-15T17:55:13.462207+00:00,send,1315.50,fraud_demo_024,fraud_demo_012,False,0.013332886032152375,0,0,1.2525320809599414
f8139f75-7948-4b1d-acc2-e25dd42524f6,2026-08-15T18:12:13.462207+00:00,send,1980.82,fraud_demo_025,fraud_demo_017,False,0.020674080092047145,0,0,1.8096704200260374
12b16716-2191-45b7-aada-b49cbbdc72d6,2026-08-15T18:38:13.462207+00:00,send,337.46,fraud_demo_026,fraud_demo_027,False,0.0035529959254150902,0,0,0.3092611791120861
8a182df9-a5f4-4bcb-afd9-0e1967147851,2026-08-15T19:09:13.462207+00:00,send,706.98,fraud_demo_027,fraud_demo_025,False,0.0074046509016805285,0,0,0.6363761836751839
2d1654b0-1403-446c-9a3d-86b7bd26f8c0,2026-08-15T19:29:13.462207+00:00,send,1030.06,fraud_demo_028,fraud_demo_030,False,0.010592843850420478,0,0,1.0505005522030544
0e4f7453-e45f-4a30-8a64-b0adc8e3ffd6,2026-08-15T19:58:13.462207+00:00,send,453.98,fraud_demo_029,fraud_demo_002,False,0.004831167211402994,0,0,0.4620044396104846
65ae89ed-5cac-407e-a462-9a37ae9462b3,2026-08-15T20:20:13.462207+00:00,send,706.44,fraud_demo_030,fraud_demo_032,False,0.007322776099621432,0,0,0.5506763702551041
7059cf44-2f5e-47c2-b142-d3f47c625bea,2026-08-15T20:53:13.462207+00:00,send,162.61,fraud_demo_031,fraud_demo_037,False,0.0015154673946178867,0,0,0.16034960506723556
1afcf329-0663-41a5-860e-894e46de7735,2026-08-15T21:18:13.462207+00:00,send,1051.21,fraud_demo_032,fraud_demo_012,False,0.008926302238899439,0,0,0.9108084915274981
70ceae95-2211-4dc1-8f77-b0d49040b59b,2026-08-15T21:33:13.462207+00:00,send,954.71,fraud_demo_033,fraud_demo_028,False,0.009432032970572211,0,0,0.9639981219045505
5f64b3f9-839b-4e07-a6ed-167aaebb3405,2026-08-15T21:50:13.462207+00:00,send,877.96,fraud_demo_034,fraud_demo_023,False,0.008948672641417896,0,0,0.9500493487275513
643e538e-711c-4324-a64b-e7b3c02d57a4,2026-08-15T22:16:13.462207+00:00,send,659.57,fraud_demo_035,fraud_demo_029,False,0.006835067480708139,0,0,0.5363980363978671
c7cc0e72-fa2a-47d0-ad46-e5071818de20,2026-08-15T22:45:13.462207+00:00,send,1190.55,fraud_demo_036,fraud_demo_020,False,0.011463894725712924,0,0,1.2555856758860071
5b8ec331-7bd9-4566-8d63-2112cca5ad54,2026-08-15T23:15:13.462207+00:00,send,998.31,fraud_demo_037,fraud_demo_031,False,0.009169696564433947,0,0,1.0141055388556253
147cebf8-bace-4c40-af62-276aca1f1c82,2026-08-15T23:33:13.462207+00:00,send,400.39,fraud_demo_038,fraud_demo_031,False,0.003321161244331841,0,0,0.5314485287407812
d941c33c-7247-4ede-8d46-84791fab9cdb,2026-08-16T00:05:13.462207+00:00,send,733.14,fraud_demo_039,fraud_demo_040,False,0.0077529848314798625,0,0,0.640713126976584
cda9f83e-b00d-4e33-8828-d5cdcafeba24,2026-08-16T00:24:13.462207+00:00,send,797.37,fraud_demo_040,fraud_demo_028,False,0.00901564534504288,0,0,0.6864659855172955
6eb6e8b5-5807-408a-8d2f-f369711fce0c,2026-08-16T00:43:13.462207+00:00,send,674.31,fraud_demo_001,fraud_demo_026,False,0.006877349998378342,0,0,0.7001706634192575
db438a0f-a144-4f1a-8f4d-9b34934b04d4,2026-08-16T01:09:13.462207+00:00,send,2253.52,fraud_demo_002,fraud_demo_035,False,0.025154079227670025,0,0,2.322646608357949
968c8845-2f55-4bef-b5c0-24ef31175b7b,2026-08-16T01:26:13.462207+00:00,send,1474.83,fraud_demo_003,fraud_demo_036,False,0.01584455292798116,0,0,1.5176495720866825
d3b6d55c-736d-4bc1-a8a6-a6f472581b9f,2026-08-16T02:03:13.462207+00:00,send,831.31,fraud_demo_004,fraud_demo_013,False,0.0081326566799144,0,0,0.8354011263961874
3e229d44-2ea1-4c11-b77b-e40fbd43924f,2026-08-16T02:29:13.462207+00:00,send,735.39,fraud_demo_005,fraud_demo_014,False,0.007514414660113213,0,0,0.7630369657734772
bde903f5-bb3a-4e3d-92cc-11dbdde6c37b,2026-08-16T02:44:13.462207+00:00,send,645.43,fraud_demo_006,fraud_demo_002,False,0.005546433192218374,0,0,0.7195031356125682
811be87a-bb43-44f0-ae29-bde1c7edb1ad,2026-08-16T03:07:13.462207+00:00,send,1889.47,fraud_demo_007,fraud_demo_010,False,0.0176130215569282,0,0,2.0661597141120023
76ee5fb2-9d96-4362-bb20-bcb5c5414c0a,2026-08-16T03:34:13.462207+00:00,send,468.33,fraud_demo_008,fraud_demo_006,False,0.004870280287838732,0,0,0.38978633786110145
11e18752-5879-4128-b413-20535d96062c,2026-08-16T03:59:13.462207+00:00,send,369.98,fraud_demo_009,fraud_demo_028,False,0.0033174193207082276,0,0,0.36720918636337657
f2edc9ce-5aee-4d17-b65c-b7760bbede02,2026-08-16T04:14:13.462207+00:00,send,1087.79,fraud_demo_010,fraud_demo_031,False,0.01054251313804209,0,0,1.0090404473286805
a0f9ca67-44a1-415f-bb58-7b3402ecb05a,2026-08-16T04:42:13.462207+00:00,send,418.53,fraud_demo_011,fraud_demo_010,False,0.004566616595695512,0,0,0.3969765549268041
2b21cd2d-2334-46cf-98b6-714c229c2ba9,2026-08-16T05:14:13.462207+00:00,send,318.82,fraud_demo_012,fraud_demo_018,False,0.003259801540844652,0,0,0.26088419464995105
c3217322-2553-4824-a252-e328faa92d4f,2026-08-16T05:40:13.462207+00:00,send,764.05,fraud_demo_013,fraud_demo_017,False,0.007386953174035677,0,0,0.7506626817339566
1cbd36b2-3ffb-4efd-ae6e-830b0bd40408,2026-08-16T05:57:13.462207+00:00,send,828.41,fraud_demo_014,fraud_demo_015,False,0.009794102872070632,0,0,0.6809354513206076
e6a8036b-6b0d-4fee-baad-3282844464fc,2026-08-16T06:29:13.462207+00:00,send,274.44,fraud_demo_015,fraud_demo_022,False,0.002578767079845091,0,0,0.3080777805467808
322b8adf-8914-4ef6-baa0-b4dd1834e159,2026-08-16T06:45:13.462207+00:00,send,451.58,fraud_demo_016,fraud_demo_035,False,0.0044333272563822435,0,0,0.45017599111889833
759cf9d6-2c56-4e36-b251-3819ae552fc4,2026-08-16T07:06:13.462207+00:00,send,781.39,fraud_demo_017,fraud_demo_013,False,0.008362842859272659,0,0,0.6984499111864969
b20c2831-aee9-4d36-a048-9ca706a6902c,2026-08-16T07:24:13.462207+00:00,send,578.08,fraud_demo_018,fraud_demo_008,False,0.005248596512508816,0,0,0.5988741067340186
9ed46c78-a288-4df5-ae35-5f2116c75b6b,2026-08-16T08:00:13.462207+00:00,send,1752.56,fraud_demo_019,fraud_demo_011,False,0.017144515146232567,0,0,1.6684386576330668
d453a72d-0915-4726-96d9-839ec7d4fe68,2026-08-16T08:16:13.462207+00:00,send,1494.77,fraud_demo_020,fraud_demo_016,False,0.014805638418807698,0,0,1.7306636026312914
35de0128-0d9d-4801-8069-1f13a0bdb4ff,2026-08-16T08:51:13.462207+00:00,send,1261.55,fraud_demo_021,fraud_demo_025,False,0.013244149446455333,0,0,1.0555094825589724
dc6ca360-4ea8-4ef4-812f-d4530c4fec06,2026-08-16T09:01:13.462207+00:00,send,1170.51,fraud_demo_022,fraud_demo_006,False,0.010973433174940999,0,0,0.9142697979703617
498e3ff8-2b4b-483d-a6b7-bcf01ff19bc5,2026-08-16T09:41:13.462207+00:00,send,764.23,fraud_demo_023,fraud_demo_004,False,0.007965616404231343,0,0,0.744665260673279
d2f6f386-b3fb-4f50-b618-2fc07cb94c08,2026-08-16T10:05:13.462207+00:00,send,566.74,fraud_demo_024,fraud_demo_007,False,0.005821655832426214,0,0,0.534216070860311
18136b7e-8783-4aa4-b61c-104a1b2f8f01,2026-08-16T10:18:13.462207+00:00,send,1500.57,fraud_demo_025,fraud_demo_023,False,0.015663656594342323,0,0,1.3279089096097714
986027d0-a2c7-4304-877e-69dbbc839d7b,2026-08-16T10:40:13.462207+00:00,send,1185.85,fraud_demo_026,fraud_demo_002,False,0.012441267638068586,0,0,1.1176378779762048
26d8b32c-547b-4a1c-bc18-00cd383a4eda,2026-08-16T11:14:13.462207+00:00,send,1864.65,fraud_demo_027,fraud_demo_017,False,0.019675353761204006,0,0,1.703206465544014
712e3e7a-5ee1-49f9-b242-55d578b0da66,2026-08-16T11:30:13.462207+00:00,send,473.74,fraud_demo_028,fraud_demo_037,False,0.004817705367225203,0,0,0.48216692783108955
38af422c-a1c9-4221-af7d-4c4e8f80e75d,2026-08-16T12:02:13.462207+00:00,send,570.63,fraud_demo_029,fraud_demo_038,False,0.006059277129926753,0,0,0.5934880744914222
520ff31b-9d8e-47d1-b10c-81fa25a0c6d5,2026-08-16T12:29:13.462207+00:00,send,2131.13,fraud_demo_030,fraud_demo_018,False,0.02225370664511951,0,0,1.6916388448343471
f96c07c7-fa3f-4217-b419-b2bde8dfd506,2026-08-16T12:47:13.462207+00:00,send,691.10,fraud_demo_031,fraud_demo_011,False,0.006304270109923811,0,0,0.7051773136774808
a0f40b53-e3f3-4949-9b8b-b8c488c22739,2026-08-16T13:00:13.462207+00:00,send,780.45,fraud_demo_032,fraud_demo_030,False,0.006686844724345547,0,0,0.6786328181248397
337a1789-8817-4724-915f-2d8119c49801,2026-08-16T13:26:13.462207+00:00,send,1264.12,fraud_demo_033,fraud_demo_024,False,0.012607757922111603,0,0,1.2782590793282658
283c0916-a7ec-4f71-aa08-a4b16c46d8f7,2026-08-16T14:03:13.462207+00:00,send,1301.91,fraud_demo_034,fraud_demo_036,False,0.013389634020166888,0,0,1.4116303831616204
4b3ab152-769a-45fe-ae05-4f0974752527,2026-08-16T14:25:13.462207+00:00,send,569.51,fraud_demo_035,fraud_demo_037,False,0.0057792763153889015,0,0,0.4719074570509608
37c5e752-599d-4f62-a8ed-f52a6b2a050c,2026-08-16T14:38:13.462207+00:00,send,415.36,fraud_demo_036,fraud_demo_021,False,0.003939364365880985,0,0,0.43361664847403186
cbab4a25-2e43-4778-ba38-b91b80e77067,2026-08-16T15:01:13.462207+00:00,send,1291.34,fraud_demo_037,fraud_demo_003,False,0.011856347351846154,0,0,1.3110322284847322
08f98e3a-b4b6-4327-983a-3efcbd1cffa1,2026-08-16T15:25:13.462207+00:00,send,567.57,fraud_demo_038,fraud_demo_013,False,0.004701249848108305,0,0,0.7677401167849089
eeecac2a-da30-49d6-a76e-55dd4942949a,2026-08-16T16:03:13.462207+00:00,send,1117.40,fraud_demo_039,fraud_demo_037,False,0.011908879063702485,0,0,0.9907683162684264
5a116569-9252-4b02-a9a1-624cd42e2cc9,2026-08-16T16:13:13.462207+00:00,send,1194.53,fraud_demo_040,fraud_demo_034,False,0.013629100393573887,0,0,1.041447251868891
995a37a8-5d94-4d4e-9402-5ee74199b0e3,2026-08-16T16:36:13.462207+00:00,send,352.86,fraud_demo_001,fraud_demo_025,False,0.0036237737054683073,0,0,0.37066713425833525
cffff2f8-cc6b-4c29-8873-b2264215d4e2,2026-08-16T17:01:13.462207+00:00,send,1618.13,fraud_demo_002,fraud_demo_015,False,0.018147304573549617,0,0,1.58703210588518
1283dd42-1613-4d4b-92d8-e182b9aea253,2026-08-16T17:37:13.462207+00:00,send,2178.64,fraud_demo_003,fraud_demo_025,False,0.023452031271814985,0,0,2.198129802436759
0d1470ec-e74d-40d1-a50b-939edbccf169,2026-08-16T17:50:13.462207+00:00,send,1134.85,fraud_demo_004,fraud_demo_025,False,0.011109461059226933,0,0,1.1477007166395423
6d08e2d1-f0e5-4ffe-ba55-a2a34cdd9102,2026-08-16T18:28:13.462207+00:00,send,540.29,fraud_demo_005,fraud_demo_021,False,0.0055626298022455195,0,0,0.5657584887696404
3d68be7b-6cc3-4e23-b260-88f9cc8978b7,2026-08-16T18:48:13.462207+00:00,send,550.43,fraud_demo_006,fraud_demo_008,False,0.004690023311655939,0,0,0.6202923325446316
ba525004-8a50-4403-904e-634cbb5d5591,2026-08-16T19:18:13.462207+00:00,send,386.11,fraud_demo_007,fraud_demo_014,False,0.003644123425085284,0,0,0.40558477704646617
8542ec3b-3778-4900-bfaa-14c192061701,2026-08-16T19:27:13.462207+00:00,send,1017.15,fraud_demo_008,fraud_demo_013,False,0.01050547211001914,0,0,0.8669098542775604
22745ef8-dd1f-431a-8f68-7c14275cac7e,2026-08-16T20:01:13.462207+00:00,send,700.93,fraud_demo_009,fraud_demo_038,False,0.006305795784986696,0,0,0.713034584809352
e99534e4-b009-43b7-8856-6c9bc7ecdd63,2026-08-16T20:24:13.462207+00:00,send,611.81,fraud_demo_010,fraud_demo_007,False,0.005968178170715977,0,0,0.5673213169280239
46b5e23d-6d1d-48cf-a996-84c561d28abe,2026-08-16T20:50:13.462207+00:00,send,748.36,fraud_demo_011,fraud_demo_034,False,0.007988894373570591,0,0,0.7266749029350296
bb6561fa-fb98-4711-bf65-cda26f472d22,2026-08-16T21:10:13.462207+00:00,send,2088.22,fraud_demo_012,fraud_demo_024,False,0.021421006870002545,0,0,1.75874656510755
e1b191a8-466a-4aa0-a5f1-e637368c8bad,2026-08-16T21:34:13.462207+00:00,send,716.58,fraud_demo_013,fraud_demo_025,False,0.006822335002183102,0,0,0.710841323316762
24d95c91-1c8a-4664-b6ae-4619ad0b51b1,2026-08-16T22:00:13.462207+00:00,send,524.05,fraud_demo_014,fraud_demo_040,False,0.006228292934307408,0,0,0.43610980058778304
5d3e9acc-e30d-4324-abb5-a4d4b9b48661,2026-08-16T22:26:13.462207+00:00,send,1539.26,fraud_demo_015,fraud_demo_037,False,0.014283269850484349,0,0,1.7751666793081682
2191c89e-28bc-4c1d-bc01-2ffa8b554370,2026-08-16T22:36:13.462207+00:00,send,486.08,fraud_demo_016,fraud_demo_030,False,0.004723649773554788,0,0,0.4950373194983852
70f56025-aacd-4362-893e-c20a1d3d4ea1,2026-08-16T23:08:13.462207+00:00,send,606.22,fraud_demo_017,fraud_demo_035,False,0.006413724027893173,0,0,0.5482316415485019
195d8e9f-5b68-48fd-8455-50c907175003,2026-08-16T23:42:13.462207+00:00,send,920.37,fraud_demo_018,fraud_demo_037,False,0.008240178410512318,0,0,0.9684172783278694
c94fb0ab-44ce-4cee-a081-c620cf9a4069,2026-08-16T23:52:13.462207+00:00,send,441.69,fraud_demo_019,fraud_demo_010,False,0.004396228056433039,0,0,0.40994979480984567
58050eaa-ed59-4236-9365-6094aded317a,2026-08-17T00:21:13.462207+00:00,send,653.71,fraud_demo_020,fraud_demo_009,False,0.006572278779394589,0,0,0.7361850998886397
43ee9485-1b7f-4df5-88ec-5a785edf103b,2026-08-17T00:42:13.462207+00:00,send,1047.68,fraud_demo_021,fraud_demo_006,False,0.011034310757905315,0,0,0.8747019668502042
16d45205-cd90-4fc5-9c9b-645fd209c566,2026-08-17T01:05:13.462207+00:00,send,2486.54,fraud_demo_022,fraud_demo_005,False,0.023569745180697366,0,0,1.9486285762511608
c402a370-c64f-491b-91a6-de2aa5796029,2026-08-17T01:42:13.462207+00:00,send,2416.44,fraud_demo_023,fraud_demo_033,False,0.02499486953729845,0,0,2.3779303328481145
af80ee50-7640-4325-a2cc-6cf5f1af5613,2026-08-17T02:06:13.462207+00:00,send,1020.90,fraud_demo_024,fraud_demo_007,False,0.010195143780088482,0,0,0.9798669412206825
4aa3262f-432d-4e35-ad25-0710001219c7,2026-08-17T02:25:13.462207+00:00,send,1328.75,fraud_demo_025,fraud_demo_026,False,0.01346499147816776,0,0,1.1612140556394552
af78459c-8433-4803-93de-c0fde68617e8,2026-08-17T02:36:13.462207+00:00,send,2467.86,fraud_demo_026,fraud_demo_028,False,0.025852632681655687,0,0,2.3154282349018427
bfecc803-2771-41c7-87c3-ab4d3f91a01f,2026-08-17T03:10:13.462207+00:00,send,370.73,fraud_demo_027,fraud_demo_025,False,0.003990368780555012,0,0,0.32971418895922094
5866ebd3-c00b-4fb4-bec0-17641a344fec,2026-08-17T03:31:13.462207+00:00,send,983.37,fraud_demo_028,fraud_demo_036,False,0.009801625161820458,0,0,1.021201183377595
1f214737-69c7-4b45-8b7e-0878739fdd81,2026-08-17T04:06:13.462207+00:00,send,748.22,fraud_demo_029,fraud_demo_010,False,0.007993464379769362,0,0,0.7905522485589912
c88c10db-98b5-43ad-a9df-250e33274fe4,2026-08-17T04:24:13.462207+00:00,send,454.47,fraud_demo_030,fraud_demo_034,False,0.0047889069580930865,0,0,0.3513994155744126
2c73e66c-af0e-433c-b4d0-7d77e780d1ce,2026-08-17T04:48:13.462207+00:00,send,963.82,fraud_demo_031,fraud_demo_010,False,0.00884782307952383,0,0,0.9947320640694697
be584048-a9cb-435f-b430-41c426bc305b,2026-08-17T05:04:13.462207+00:00,send,409.18,fraud_demo_032,fraud_demo_017,False,0.0035294283055871804,0,0,0.360251353903845
865deafd-0316-401b-8e55-a0ad31f65a09,2026-08-17T05:36:13.462207+00:00,send,877.92,fraud_demo_033,fraud_demo_009,False,0.00865648821994059,0,0,0.8783392380747888
2c66e0bf-0f81-4899-8c8f-dfbe9efe1add,2026-08-17T06:04:13.462207+00:00,send,425.51,fraud_demo_034,fraud_demo_038,False,0.004327449327064393,0,0,0.4541799336255212
239e16f5-6210-4c51-8a75-120d06562272,2026-08-17T06:25:13.462207+00:00,send,644.60,fraud_demo_035,fraud_demo_016,False,0.006538839091302217,0,0,0.5452022843089576
a47e27b1-f1e6-4b72-adfc-375b3423f4dc,2026-08-17T06:39:13.462207+00:00,send,1354.41,fraud_demo_036,fraud_demo_021,False,0.012776688639566278,0,0,1.4454286415589683
04d91090-4ff3-42e1-b53c-0b00be61ce93,2026-08-17T07:10:13.462207+00:00,send,803.76,fraud_demo_037,fraud_demo_027,False,0.007227980204168678,0,0,0.8063704693231898
1c01a998-5e6e-4c8d-bbf9-28cf71c7c7a0,2026-08-17T07:33:13.462207+00:00,send,983.16,fraud_demo_038,fraud_demo_023,False,0.008106106590404163,0,0,1.3418872290532884
a7aa3162-b3dc-4c77-a20e-67a29420c686,2026-08-17T07:52:13.462207+00:00,send,2057.28,fraud_demo_039,fraud_demo_011,False,0.02219006760200298,0,0,1.8247823724127674
ca6e3cfe-96a3-44c6-add5-086cb663a4eb,2026-08-17T08:14:13.462207+00:00,send,571.05,fraud_demo_040,fraud_demo_029,False,0.0065656745087988985,0,0,0.49707575908232166
ac9e2b68-80dc-4b4f-9c9e-40c8cefa8b7e,2026-08-17T08:40:13.462207+00:00,send,1210.32,fraud_demo_001,fraud_demo_009,False,0.01247485461102813,0,0,1.301740772313355
742af074-2177-4510-8bed-cb715aff08cc,2026-08-17T09:00:13.462207+00:00,send,460.85,fraud_demo_002,fraud_demo_020,False,0.005263952644186729,0,0,0.4423751048791934
3afb1c3e-8723-4896-ae54-fb1b2d661e4e,2026-08-17T09:30:13.462207+00:00,send,495.57,fraud_demo_003,fraud_demo_023,False,0.0054626882749128705,0,0,0.4787583131739498
ea0c1cf6-a0cb-4129-8f5e-bcc2e833c0b3,2026-08-17T10:03:13.462207+00:00,send,924.83,fraud_demo_004,fraud_demo_036,False,0.009155208013873336,0,0,0.9302138711721509
fa281f1e-551a-49a6-a12a-096c2c57cbd2,2026-08-17T10:24:13.462207+00:00,send,1563.72,fraud_demo_005,fraud_demo_011,False,0.01578323118993867,0,0,1.6641968067620396
a287716f-3156-49df-acf7-cb3890ff4cd8,2026-08-17T10:44:13.462207+00:00,send,2017.52,fraud_demo_006,fraud_demo_039,False,0.01711806144181945,0,0,2.306020209888198
c81c0781-b4eb-46d6-ae07-029674823b31,2026-08-17T11:08:13.462207+00:00,send,534.18,fraud_demo_007,fraud_demo_012,False,0.004982987525740257,0,0,0.5737546185646407
8fa510fd-8e4e-4b20-b1d7-e6b287e54a5b,2026-08-17T11:26:13.462207+00:00,send,491.25,fraud_demo_008,fraud_demo_004,False,0.005127666099326727,0,0,0.4207630026117364
7b16ae24-7f2f-4dd9-b481-881a2e51a9fb,2026-08-17T11:59:13.462207+00:00,send,1406.68,fraud_demo_009,fraud_demo_026,False,0.012426777307518039,0,0,1.4463446631796815
08098f2b-8a80-4b2f-89c4-ad3faa2dfd32,2026-08-17T12:24:13.462207+00:00,send,1078.54,fraud_demo_010,fraud_demo_007,False,0.010365200971726773,0,0,1.016400297374933
7347384b-595f-471d-a856-337b72452bdf,2026-08-17T12:53:13.462207+00:00,send,242.99,fraud_demo_011,fraud_demo_034,False,0.002516787560301812,0,0,0.23836189482434392
2f248492-40e8-4e4c-83f7-680c2882c29f,2026-08-17T13:14:13.462207+00:00,send,496.45,fraud_demo_012,fraud_demo_006,False,0.005175093171483063,0,0,0.4066927577398645
9e550066-cc69-49bc-a79f-a840bb8ac6ab,2026-08-17T13:34:13.462207+00:00,send,541.05,fraud_demo_013,fraud_demo_037,False,0.005186552942430562,0,0,0.5425272816944509
95e8f5e0-31d4-41e1-9642-f6fd262c99ee,2026-08-17T13:59:13.462207+00:00,send,796.87,fraud_demo_014,fraud_demo_033,False,0.00953009333839456,0,0,0.6772933562544878
9270a599-9416-481c-aff8-b0fed59458e3,2026-08-17T14:28:13.462207+00:00,send,738.35,fraud_demo_015,fraud_demo_024,False,0.006950656224412203,0,0,0.8277449183173097
b20c02b9-e047-46bb-90a4-ec2f390fb787,2026-08-17T14:48:13.462207+00:00,send,1971.24,fraud_demo_016,fraud_demo_019,False,0.019126739244338345,0,0,2.0458270662674707
19e09ecc-5000-429d-9a31-f7993de65035,2026-08-17T15:12:13.462207+00:00,send,605.85,fraud_demo_017,fraud_demo_002,False,0.006423199640805476,0,0,0.5572205381258488
30823608-19ed-47d9-a143-548309052966,2026-08-17T15:31:13.462207+00:00,send,478.40,fraud_demo_018,fraud_demo_009,False,0.004318757526680785,0,0,0.5039640426992945
4de03033-0843-4501-9f6e-1682ac3b4248,2026-08-17T15:57:13.462207+00:00,send,672.40,fraud_demo_019,fraud_demo_028,False,0.0065921717274460495,0,0,0.6380239770329924
618c0790-b18f-4c8d-9c12-861ae5e4f6e1,2026-08-17T16:18:13.462207+00:00,send,631.52,fraud_demo_020,fraud_demo_040,False,0.006361519495752473,0,0,0.7182131105281513
39c67d4b-8987-4289-8281-36be1ec59b10,2026-08-17T16:42:13.462207+00:00,send,1143.66,fraud_demo_021,fraud_demo_009,False,0.012006398457349021,0,0,0.9592868448726056
7b5f7102-f939-49c3-823b-228a03c97121,2026-08-17T17:16:13.462207+00:00,send,487.27,fraud_demo_022,fraud_demo_009,False,0.004730291270109465,0,0,0.3688982142646845
495a8aa1-2d52-40d1-b96a-9ee35d615334,2026-08-17T17:28:13.462207+00:00,send,434.78,fraud_demo_023,fraud_demo_009,False,0.004541270379601026,0,0,0.4070762028608582
36b632d4-7906-4fbf-8c04-c1f1e625de99,2026-08-17T18:05:13.462207+00:00,send,1598.22,fraud_demo_024,fraud_demo_038,False,0.016005670715537264,0,0,1.5351274009522697
b25d4183-563d-4f51-80fa-bc097eb3ee6d,2026-08-17T18:12:13.462207+00:00,send,214.89,fraud_demo_025,fraud_demo_036,False,0.0021989523331110393,0,0,0.186680862318267
1ffb757b-a348-48ed-a4b1-5b697278edf1,2026-08-17T18:49:13.462207+00:00,send,1655.91,fraud_demo_026,fraud_demo_021,False,0.017541871046044936,0,0,1.4814539793873462
017bf6f4-05c8-4def-9791-943690f9e84c,2026-08-17T19:08:13.462207+00:00,send,398.63,fraud_demo_027,fraud_demo_020,False,0.004270765893397664,0,0,0.36355280918004607
14f6ff32-3560-43fb-a94a-837733f78617,2026-08-17T19:29:13.462207+00:00,send,1205.72,fraud_demo_028,fraud_demo_010,False,0.012055238612677715,0,0,1.25112278239428
5d0d950f-7418-4b1c-850e-c269677d433f,2026-08-17T19:56:13.462207+00:00,send,1699.67,fraud_demo_029,fraud_demo_002,False,0.018192531479190126,0,0,1.8098724640104624
32c7b564-2240-4e5a-bbcb-b1dc952e75ed,2026-08-17T20:19:13.462207+00:00,send,974.82,fraud_demo_030,fraud_demo_040,False,0.010321442600594413,0,0,0.7722898477581853
c713b485-8363-49aa-9f49-b24ff3c73453,2026-08-17T20:51:13.462207+00:00,send,1183.14,fraud_demo_031,fraud_demo_015,False,0.010958126109865234,0,0,1.2213244838152841
692bf4c6-06a2-4f13-bd63-5209a0ef595a,2026-08-17T21:11:13.462207+00:00,send,902.84,fraud_demo_032,fraud_demo_009,False,0.007815131338681862,0,0,0.8141721316813876
a0202f41-28c2-4dd0-87fb-60a5cb047911,2026-08-17T21:28:13.462207+00:00,send,1725.58,fraud_demo_033,fraud_demo_012,False,0.017028214507464837,0,0,1.7342183342136444
370502d8-6621-46b1-b063-6ec82e4b6e7e,2026-08-17T21:54:13.462207+00:00,send,620.20,fraud_demo_034,fraud_demo_011,False,0.0063191822843630015,0,0,0.6756462869392562
69e84a33-eb60-4e28-8de3-f3bc66a84b28,2026-08-17T22:26:13.462207+00:00,send,885.32,fraud_demo_035,fraud_demo_014,False,0.009039818925887922,0,0,0.7616323214299939
d512ebde-e893-4af6-a157-cb23efc4349a,2026-08-17T22:48:13.462207+00:00,send,661.53,fraud_demo_036,fraud_demo_016,False,0.0062531400162489205,0,0,0.6945280569144607
99749620-b3e9-4f2c-bc9d-084b1418a0f6,2026-08-17T23:18:13.462207+00:00,send,173.99,fraud_demo_037,fraud_demo_021,False,0.0015683467089147064,0,0,0.1758159462776188
acc6ad5e-32cb-43c7-a37f-17bec8b27205,2026-08-17T23:25:13.462207+00:00,send,987.46,fraud_demo_038,fraud_demo_040,False,0.00810048120858333,0,0,1.330903623449213
0e2fca1d-eb78-401b-a535-45a7c86b4dc0,2026-08-17T23:49:13.462207+00:00,send,455.44,fraud_demo_039,fraud_demo_034,False,0.004914537823132965,0,0,0.3919952744615312
f6d9e67e-4ad1-4e9c-aa48-ef6a66b166d7,2026-08-18T00:13:13.462207+00:00,send,924.45,fraud_demo_040,fraud_demo_016,False,0.010387333082990119,0,0,0.8199694878572316
1c97c63a-6684-403b-a655-0ea3715d706d,2026-08-18T00:37:13.462207+00:00,send,571.11,fraud_demo_001,fraud_demo_037,False,0.005960832038676365,0,0,0.6076995924621459
a50c7778-357f-4306-9681-0fcd89782af4,2026-08-18T01:09:13.462207+00:00,send,647.22,fraud_demo_002,fraud_demo_014,False,0.0072401682683030395,0,0,0.6338979552931342
efae994d-9bd0-4770-a484-f766ef972de5,2026-08-18T01:25:13.462207+00:00,send,842.90,fraud_demo_003,fraud_demo_020,False,0.009342355373045825,0,0,0.8297519870846529
be5c8f0b-9e5f-4739-b348-fe975455e874,2026-08-18T02:02:13.462207+00:00,send,1826.30,fraud_demo_004,fraud_demo_035,False,0.018157100526886988,0,0,1.8415214904914046
a26c9c36-f183-420e-9f30-52bd07e99f37,2026-08-18T02:30:13.462207+00:00,send,1137.84,fraud_demo_005,fraud_demo_007,False,0.011668831378597606,0,0,1.1828921368789445
acf68a4e-2dea-4c21-b66c-e4e93d92e9e8,2026-08-18T02:50:13.462207+00:00,send,499.31,fraud_demo_006,fraud_demo_036,False,0.004291888287299248,0,0,0.5452764120529088
6e23ebe9-fa5c-40ce-acd4-1075cc5ec16d,2026-08-18T03:06:13.462207+00:00,send,428.56,fraud_demo_007,fraud_demo_002,False,0.003935969773045275,0,0,0.4674254222327482
6026c319-1f74-49f5-9fd5-7d685efe21a5,2026-08-18T03:29:13.462207+00:00,send,506.70,fraud_demo_008,fraud_demo_031,False,0.005316192816960028,0,0,0.4431639071740976
3180c2b0-c9a2-40e1-97a3-ce71b029fdb9,2026-08-18T04:00:13.462207+00:00,send,1031.02,fraud_demo_009,fraud_demo_008,False,0.008946893795922449,0,0,1.0434583967530089
26007694-9a34-46e7-b871-16490129f3f0,2026-08-18T04:29:13.462207+00:00,send,1018.28,fraud_demo_010,fraud_demo_034,False,0.009774131819661752,0,0,0.9590504163577676
e821860a-a3c5-414e-8806-9f7208825c95,2026-08-18T04:40:13.462207+00:00,send,268.19,fraud_demo_011,fraud_demo_026,False,0.0027669879222973585,0,0,0.270438210797404
f8b8007f-6f64-450c-a8ab-c0c561ff9d9f,2026-08-18T05:01:13.462207+00:00,send,1371.69,fraud_demo_012,fraud_demo_011,False,0.014117880270815791,0,0,1.148016939587558
82db9911-1e5e-46cb-970c-a2a839b87e6d,2026-08-18T05:38:13.462207+00:00,send,458.91,fraud_demo_013,fraud_demo_028,False,0.00442208705819481,0,0,0.46780616968471506
a02927d0-3595-456d-b233-2e63aabe235d,2026-08-18T05:52:13.462207+00:00,send,1027.83,fraud_demo_014,fraud_demo_020,False,0.012185032100659327,0,0,0.8837817769089178
de4e7d47-f690-45d1-a60d-8fe684229e4f,2026-08-18T06:27:13.462207+00:00,send,891.89,fraud_demo_015,fraud_demo_013,False,0.008361037372728055,0,0,1.0060638777878046
973c4c2b-8c96-4728-b976-d5d6f210c512,2026-08-18T06:50:13.462207+00:00,send,409.74,fraud_demo_016,fraud_demo_017,False,0.003990582482459024,0,0,0.4099322289344968
2a8a41a3-0ba1-4c22-b426-8332aba76799,2026-08-18T07:00:13.462207+00:00,send,782.48,fraud_demo_017,fraud_demo_028,False,0.008313108678533594,0,0,0.7312365121630002
e9379ced-7ec2-4fe7-acd5-ff5f81a408c1,2026-08-18T07:41:13.462207+00:00,send,1479.58,fraud_demo_018,fraud_demo_016,False,0.01341484865024634,0,0,1.5867538914082608
87bbc807-628d-4706-a1c0-f6d247349209,2026-08-18T07:49:13.462207+00:00,send,1043.29,fraud_demo_019,fraud_demo_014,False,0.010296230919641944,0,0,1.0029178981931963
7259023c-09f7-45b8-b99b-25f8f2555e09,2026-08-18T08:14:13.462207+00:00,send,1414.60,fraud_demo_020,fraud_demo_038,False,0.014018471164125716,0,0,1.6251470923715474
13b36bb2-96cd-4604-9517-6cc5f190d49a,2026-08-18T08:54:13.462207+00:00,send,574.48,fraud_demo_021,fraud_demo_004,False,0.005987881024114436,0,0,0.48256788090844477
28039bcf-9582-4d25-8eba-5e6ad2a7edc6,2026-08-18T09:18:13.462207+00:00,send,513.46,fraud_demo_022,fraud_demo_037,False,0.005008227398064636,0,0,0.3976895804570882
025c084a-4252-4d2f-bdd8-4d4a57be0419,2026-08-18T09:36:13.462207+00:00,send,665.20,fraud_demo_023,fraud_demo_025,False,0.0069797004247943014,0,0,0.6362879830337781
a37d75d1-ccbe-466b-9919-68a616473d39,2026-08-18T09:51:13.462207+00:00,send,413.33,fraud_demo_024,fraud_demo_005,False,0.004206701043833432,0,0,0.38956775807108546
c7aeee8b-e323-4655-b456-fa35aca82dc4,2026-08-18T10:18:13.462207+00:00,send,682.06,fraud_demo_025,fraud_demo_018,False,0.006947452139117721,0,0,0.6102503193019422
bcbdf59b-d5ff-481d-a136-79b86d89f7be,2026-08-18T10:52:13.462207+00:00,send,1011.01,fraud_demo_026,fraud_demo_014,False,0.010869923991921285,0,0,0.8892067737109253
8bc9b095-e652-42d3-9802-e0242bcaa43b,2026-08-18T11:09:13.462207+00:00,send,854.48,fraud_demo_027,fraud_demo_006,False,0.00919382917691515,0,0,0.7974160528814603
29e95ba4-4b2a-40d0-ac82-c3a8694f53cb,2026-08-18T11:40:13.462207+00:00,send,1043.41,fraud_demo_028,fraud_demo_029,False,0.010428683341872231,0,0,1.073076739428265
dd45f3df-1286-4651-bae8-c52c21c95e47,2026-08-18T11:52:13.462207+00:00,send,1849.86,fraud_demo_029,fraud_demo_038,False,0.019940166350222815,0,0,1.9144274855714054
a64fcc5f-1d72-48af-bab5-588a0184938e,2026-08-18T12:27:13.462207+00:00,send,886.65,fraud_demo_030,fraud_demo_038,False,0.009485801414081415,0,0,0.7081976079624662
cdad97d7-73c8-491a-bc58-9111cd92bc3a,2026-08-18T12:42:13.462207+00:00,send,629.27,fraud_demo_031,fraud_demo_033,False,0.00586498155746777,0,0,0.6444846718916829
d37ca6fd-4c18-4ecd-a7a7-a4b2535a8061,2026-08-18T13:03:13.462207+00:00,send,457.97,fraud_demo_032,fraud_demo_001,False,0.003995488815082859,0,0,0.4157520160786998
3401525c-7f3e-45e6-aa97-6dd6e6659a4c,2026-08-18T13:41:13.462207+00:00,send,794.93,fraud_demo_033,fraud_demo_014,False,0.007930250744686191,0,0,0.7784956781990472
1012f026-9077-4328-9109-07da70e9fa45,2026-08-18T13:57:13.462207+00:00,send,336.27,fraud_demo_034,fraud_demo_014,False,0.003396696516423933,0,0,0.37062611422320557
75697670-048f-4c94-81fc-0a80c9807307,2026-08-18T14:12:13.462207+00:00,send,906.27,fraud_demo_035,fraud_demo_020,False,0.009165669885191203,0,0,0.7863497042305765
57c94bc1-28c5-4168-a65b-e6e02dd111e8,2026-08-18T14:54:13.462207+00:00,send,1171.71,fraud_demo_036,fraud_demo_008,False,0.01109264719122313,0,0,1.2437252451976442
76790e94-86ef-47b5-9f67-6c82c71c3901,2026-08-18T15:10:13.462207+00:00,send,1324.40,fraud_demo_037,fraud_demo_002,False,0.011840957805099122,0,0,1.378886708277589
1a591e9f-9ac5-4a3c-be60-8370ec99e245,2026-08-18T15:38:13.462207+00:00,send,1170.34,fraud_demo_038,fraud_demo_031,False,0.00935785017476905,0,0,1.5589663763562658
f6b2e5ce-f5b1-4d47-acad-7698def59ddd,2026-08-18T16:01:13.462207+00:00,send,1799.00,fraud_demo_039,fraud_demo_035,False,0.0195084288015546,0,0,1.5827604420492931
44dd1a32-0a72-4745-9ba8-dc834665b8a1,2026-08-18T16:22:13.462207+00:00,send,1409.90,fraud_demo_040,fraud_demo_004,False,0.0160082440356262,0,0,1.2586470370118852
8a3c78a4-82ab-4fc0-aeb0-5d9f18cb7310,2026-08-18T16:46:13.462207+00:00,send,937.08,fraud_demo_001,fraud_demo_037,False,0.00979212477341317,0,0,1.0107899393086837
8e6dad10-685e-4950-8f34-fb60b89b5b67,2026-08-18T17:12:13.462207+00:00,send,1460.45,fraud_demo_002,fraud_demo_024,False,0.016137802657695936,0,0,1.4486772494011595
556400fa-e1ab-46ce-9c89-ca52ac3f3fe1,2026-08-18T17:36:13.462207+00:00,send,1906.55,fraud_demo_003,fraud_demo_036,False,0.021330691447584822,0,0,1.8878937042153778
f6bb0cd5-05ce-4a2e-957d-63cd2539697a,2026-08-18T17:57:13.462207+00:00,send,1742.92,fraud_demo_004,fraud_demo_013,False,0.0173009446372154,0,0,1.7078871128297277
510d52a2-8707-4879-a23f-579346d73b80,2026-08-18T18:14:13.462207+00:00,send,1178.24,fraud_demo_005,fraud_demo_022,False,0.012173593559600333,0,0,1.2172152317196638
c9b2855c-a0bf-4bf3-9dac-059d4ebfb9c9,2026-08-18T18:45:13.462207+00:00,send,1581.49,fraud_demo_006,fraud_demo_033,False,0.01355254168964715,0,0,1.754594009777753
6f68f81f-341c-4808-8aa5-5f9a516ef9ea,2026-08-18T19:11:13.462207+00:00,send,924.00,fraud_demo_007,fraud_demo_015,False,0.008519710451554795,0,0,1.0266501458597217
c9219b8c-538e-4fe3-856a-baa039ec4ce3,2026-08-18T19:39:13.462207+00:00,send,850.30,fraud_demo_008,fraud_demo_003,False,0.008765202260418145,0,0,0.7582383589208708
a1ec6b8c-28c8-4027-a009-08c88cf03cd2,2026-08-18T20:03:13.462207+00:00,send,547.51,fraud_demo_009,fraud_demo_034,False,0.0047940252913269395,0,0,0.5532861162654958
e9904f31-a3bf-424c-828b-88a64893abb9,2026-08-18T20:15:13.462207+00:00,send,688.14,fraud_demo_010,fraud_demo_035,False,0.006670425125946509,0,0,0.6490299055013218
49594e54-d01b-4659-aa7a-096405516b26,2026-08-18T20:37:13.462207+00:00,send,1088.17,fraud_demo_011,fraud_demo_035,False,0.011100559746008275,0,0,1.1256093184978146
b331a3a9-37fb-429d-b72f-1b332c16d444,2026-08-18T21:03:13.462207+00:00,send,409.70,fraud_demo_012,fraud_demo_031,False,0.004277150142272399,0,0,0.3411514900056134
48762b35-c981-4b1c-ae8a-d1f39d462795,2026-08-18T21:26:13.462207+00:00,send,745.04,fraud_demo_013,fraud_demo_001,False,0.0070318176914621125,0,0,0.7736811423153113
5750c482-5104-4d22-8ccb-fd9083e300f7,2026-08-18T22:04:13.462207+00:00,send,868.91,fraud_demo_014,fraud_demo_023,False,0.0100440968808982,0,0,0.7501402881734912
bab0e08b-6a2b-4c07-a2c6-ce7db8753a4e,2026-08-18T22:18:13.462207+00:00,send,1059.77,fraud_demo_015,fraud_demo_021,False,0.009931841534378944,0,0,1.1951848563580794
f25f72b1-68d8-4dd4-90dc-3872d693e423,2026-08-18T22:50:13.462207+00:00,send,583.73,fraud_demo_016,fraud_demo_013,False,0.005626498724102516,0,0,0.5961334821304374
838ecd3a-0d02-47fb-9e62-cbddb6ee198e,2026-08-18T23:03:13.462207+00:00,send,696.03,fraud_demo_017,fraud_demo_008,False,0.0074566472502227265,0,0,0.6565325490670574
ba5fe147-68fe-4c9a-8930-1ae083f09b6d,2026-08-18T23:27:13.462207+00:00,send,2396.93,fraud_demo_018,fraud_demo_001,False,0.02189043539950252,0,0,2.5195741830437304
bd1a7ac4-0540-4c53-9f3b-71a391de985d,2026-08-18T23:56:13.462207+00:00,send,981.47,fraud_demo_019,fraud_demo_014,False,0.009786897381917445,0,0,0.9433952195561084
99668df9-ca87-4889-9dc7-09c0d625baf9,2026-08-19T00:21:13.462207+00:00,send,976.86,fraud_demo_020,fraud_demo_010,False,0.009729546573010594,0,0,1.0985727714386762
e48784ad-581c-4448-b759-dfa62a038f44,2026-08-19T00:36:13.462207+00:00,send,934.80,fraud_demo_021,fraud_demo_023,False,0.009694506881668728,0,0,0.7995047701849944
c4da5f84-23a1-40b1-83ab-ca5d514cdd94,2026-08-19T01:12:13.462207+00:00,send,796.18,fraud_demo_022,fraud_demo_032,False,0.0077158136870072586,0,0,0.6297437273742126
a54fb296-cea9-4c6b-9e29-f048970cd66b,2026-08-19T01:38:13.462207+00:00,send,1331.72,fraud_demo_023,fraud_demo_012,False,0.013808297628475784,0,0,1.2900177302832436
f13b08ad-433a-42bc-b222-37e85bd03387,2026-08-19T02:05:13.462207+00:00,send,340.57,fraud_demo_024,fraud_demo_023,False,0.003429629899661901,0,0,0.3278926524580835
556159f8-a401-4b87-be1e-c6ab7547cb31,2026-08-19T02:26:13.462207+00:00,send,864.99,fraud_demo_025,fraud_demo_006,False,0.008872414840757285,0,0,0.7844637173909034
b0866fda-d6fb-431f-b5cc-fa7e7a73c4d1,2026-08-19T02:50:13.462207+00:00,send,786.17,fraud_demo_026,fraud_demo_007,False,0.008545433833730945,0,0,0.694106575933343
d4311fc0-8229-4b7e-8f4c-6a214506ff14,2026-08-19T03:08:13.462207+00:00,send,647.98,fraud_demo_027,fraud_demo_032,False,0.007036673930881225,0,0,0.6089605385150588
0d881f3c-9ab4-43fe-88fc-d3394a2de670,2026-08-19T03:34:13.462207+00:00,send,639.70,fraud_demo_028,fraud_demo_024,False,0.006461059466290429,0,0,0.6562346233424162
935b3cb3-a9bc-4761-842c-88ee39400103,2026-08-19T04:03:13.462207+00:00,send,857.95,fraud_demo_029,fraud_demo_021,False,0.00943624706722387,0,0,0.8607545758576826
32fee178-527e-4fd1-9a4a-ff78acb30475,2026-08-19T04:17:13.462207+00:00,send,692.17,fraud_demo_030,fraud_demo_008,False,0.007476078912882191,0,0,0.5584792994959674
1f89123e-7efd-44bf-b8c1-b44078626a6b,2026-08-19T04:40:13.462207+00:00,send,1701.27,fraud_demo_031,fraud_demo_019,False,0.01571706093815131,0,0,1.7640292960663264
878ae560-6176-4be2-b5cb-0acb121bb76e,2026-08-19T05:02:13.462207+00:00,send,1360.16,fraud_demo_032,fraud_demo_034,False,0.011765279830212383,0,0,1.2601614120326148
74d02020-2ccf-417d-b031-7423f0fb4179,2026-08-19T05:37:13.462207+00:00,send,945.36,fraud_demo_033,fraud_demo_020,False,0.009357519794011036,0,0,0.9329415824259291
6881c87d-51fc-43ea-b441-df16869b8203,2026-08-19T06:03:13.462207+00:00,send,1155.51,fraud_demo_034,fraud_demo_016,False,0.011489548677927822,0,0,1.3018192173185386
224369ef-c307-42df-bfa4-82e34d4829b4,2026-08-19T06:30:13.462207+00:00,send,535.33,fraud_demo_035,fraud_demo_025,False,0.005271818249946995,0,0,0.46794100856212595
ef2e7813-23ae-4f84-8235-6ce3e22a80b1,2026-08-19T06:46:13.462207+00:00,send,1443.89,fraud_demo_036,fraud_demo_028,False,0.013574953318440492,0,0,1.5198604885658773
9bc6b7a2-31df-44b2-a3be-a30480fc3031,2026-08-19T07:02:13.462207+00:00,send,1120.48,fraud_demo_037,fraud_demo_035,False,0.010052597420424263,0,0,1.1515324626355252
5d2148bd-0934-43c4-9f1f-31cd446aebec,2026-08-19T07:38:13.462207+00:00,send,1285.30,fraud_demo_038,fraud_demo_037,False,0.010374131389467718,0,0,1.6797241325854413
1894489d-be25-40d5-926e-24ff06b1e235,2026-08-19T07:53:13.462207+00:00,send,1202.37,fraud_demo_039,fraud_demo_021,False,0.013297971466822532,0,0,1.037006448588986
44eaa390-c0e2-494c-bbc4-7755ed2ed751,2026-08-19T08:27:13.462207+00:00,send,1355.89,fraud_demo_040,fraud_demo_020,False,0.01564546169222164,0,0,1.1997309509258516
37189148-2486-4005-a165-eecb195d19ca,2026-08-19T08:53:13.462207+00:00,send,606.81,fraud_demo_001,fraud_demo_005,False,0.006198124250527567,0,0,0.6543058430446644
7fa66ebc-c3c4-42fd-bf83-bce28fbb871c,2026-08-19T09:06:13.462207+00:00,send,702.09,fraud_demo_002,fraud_demo_020,False,0.007885263679964925,0,0,0.6861681541510785
cee34e2e-af2e-45cd-988f-518510830143,2026-08-19T09:42:13.462207+00:00,send,1153.56,fraud_demo_003,fraud_demo_015,False,0.013060498039328903,0,0,1.1094365970968607
80bd89f6-d321-4716-8c08-58ff39b51ed2,2026-08-19T09:52:13.462207+00:00,send,1113.06,fraud_demo_004,fraud_demo_021,False,0.01124321201150726,0,0,1.0655445280425095
2fdf988a-0b8e-4523-b81b-e98890c5467f,2026-08-19T10:12:13.462207+00:00,send,537.51,fraud_demo_005,fraud_demo_020,False,0.005586544566648628,0,0,0.5512987159508863
f01e0b62-dee3-4142-941d-55a3b2264b6e,2026-08-19T10:46:13.462207+00:00,send,767.23,fraud_demo_006,fraud_demo_017,False,0.006615378221529594,0,0,0.8303229171852375
a512c505-0d57-415e-8a56-60520a6fedcb,2026-08-19T11:06:13.462207+00:00,send,767.41,fraud_demo_007,fraud_demo_026,False,0.007084881573048478,0,0,0.851907274975744
a8c542e8-06ad-4480-97d4-42aa122a8e4b,2026-08-19T11:36:13.462207+00:00,send,872.00,fraud_demo_008,fraud_demo_013,False,0.008939326372550524,0,0,0.7839061901619774
9a68c355-c1a3-46a5-ac36-8e623c6bfbcc,2026-08-19T11:52:13.462207+00:00,send,1311.96,fraud_demo_009,fraud_demo_025,False,0.01154292528640217,0,0,1.3458411011066598
b2f74a14-a19a-46db-acb1-32b6a76b3d5e,2026-08-19T12:25:13.462207+00:00,send,602.86,fraud_demo_010,fraud_demo_009,False,0.0058274616641836975,0,0,0.5753275102224671
657864bd-39de-4c46-97ad-b62bd1713701,2026-08-19T12:50:13.462207+00:00,send,2637.73,fraud_demo_011,fraud_demo_031,False,0.027209861912836596,0,0,2.7171066479098216
b54a2e18-2da4-4f41-83b9-54f49db9a9e4,2026-08-19T13:12:13.462207+00:00,send,603.12,fraud_demo_012,fraud_demo_034,False,0.006236370348081534,0,0,0.5134866297260672
1aa41e48-eced-4349-b26b-7be7beed3cfb,2026-08-19T13:24:13.462207+00:00,send,572.57,fraud_demo_013,fraud_demo_024,False,0.005368009151781996,0,0,0.5991005696252862
b5c06d59-2fc9-4eb6-ab95-b1228fcb2bbe,2026-08-19T14:04:13.462207+00:00,send,892.06,fraud_demo_014,fraud_demo_038,False,0.010298298078272889,0,0,0.776593941813927
0416cabe-3770-4ec0-8c82-37cc544f5ad5,2026-08-19T14:23:13.462207+00:00,send,745.93,fraud_demo_015,fraud_demo_019,False,0.006984489513714998,0,0,0.835805253293673
9777c407-6242-4cd2-b12e-61a9c250171f,2026-08-19T14:51:13.462207+00:00,send,1116.53,fraud_demo_016,fraud_demo_003,False,0.010703101544157705,0,0,1.1558145970682192
d5385204-0338-4259-9861-2bbf85d8413f,2026-08-19T15:08:13.462207+00:00,send,255.50,fraud_demo_017,fraud_demo_006,False,0.0027351138085672977,0,0,0.24379235951882738
dd1efc5d-f6bd-437e-8c9b-54ab6de34851,2026-08-19T15:26:13.462207+00:00,send,928.48,fraud_demo_018,fraud_demo_031,False,0.008669301282215876,0,0,0.9289348684405797
4d37e702-a83b-4125-820f-d6a9faae0d0b,2026-08-19T15:50:13.462207+00:00,send,811.90,fraud_demo_019,fraud_demo_016,False,0.007979376079424616,0,0,0.7818787238912309
5902108d-2cf0-4c90-a0ce-e4a455493c20,2026-08-19T16:13:13.462207+00:00,send,1351.70,fraud_demo_020,fraud_demo_036,False,0.013127713412022568,0,0,1.515137928328831
26af24ab-ef2c-4fcf-a966-db0380e3dc3e,2026-08-19T16:50:13.462207+00:00,send,928.36,fraud_demo_021,fraud_demo_023,False,0.009409277842283813,0,0,0.7993389642299631
5966dddc-eb6b-469c-bee5-2f38d382fae5,2026-08-19T17:10:13.462207+00:00,send,2206.78,fraud_demo_022,fraud_demo_034,False,0.021552290757374363,0,0,1.7672784642017694
01897869-017b-44bd-8e59-a02eaedb14ce,2026-08-19T17:33:13.462207+00:00,send,711.39,fraud_demo_023,fraud_demo_028,False,0.007381044352565711,0,0,0.6825150627454493
daca7897-6425-4b1c-a57b-0d8ac4023348,2026-08-19T18:06:13.462207+00:00,send,487.97,fraud_demo_024,fraud_demo_038,False,0.004871226015223917,0,0,0.48057238902494276
a77be7b5-9eec-4c8b-b5e4-49e91b730d5d,2026-08-19T18:21:13.462207+00:00,send,1096.67,fraud_demo_025,fraud_demo_011,False,0.011136604492783702,0,0,1.0017727365181288
57c4f6a1-9c5b-498c-b517-6c5cb6d2f793,2026-08-19T18:52:13.462207+00:00,send,721.09,fraud_demo_026,fraud_demo_002,False,0.007839632233414016,0,0,0.6432061026485902
7b3e3b7e-5528-4a1a-b144-9981700b50f8,2026-08-19T19:04:13.462207+00:00,send,1421.10,fraud_demo_027,fraud_demo_005,False,0.015541654718698348,0,0,1.353163523208311
7ff705b0-4588-4e5e-8ab1-8413b72f162b,2026-08-19T19:27:13.462207+00:00,send,674.90,fraud_demo_028,fraud_demo_018,False,0.006713812238675875,0,0,0.7003698846830106
5c0e0ae5-968c-4bdf-b08c-50cd4b3dcd53,2026-08-19T19:52:13.462207+00:00,send,423.24,fraud_demo_029,fraud_demo_040,False,0.004699391191006535,0,0,0.42660362740084656
85bbd2e8-2c60-4a6a-9fdc-bb6cf5f74c34,2026-08-19T20:19:13.462207+00:00,send,773.54,fraud_demo_030,fraud_demo_029,False,0.008417883251792366,0,0,0.6334557050238997
a8ecadf0-6054-4ada-be60-51cdde3811be,2026-08-19T20:37:13.462207+00:00,send,474.73,fraud_demo_031,fraud_demo_033,False,0.0043114761572362395,0,0,0.4800177151441226
b63b9da1-20a2-43d8-a0a3-5fbd43e185d9,2026-08-19T21:15:13.462207+00:00,send,1488.72,fraud_demo_032,fraud_demo_022,False,0.01303062290915011,0,0,1.367411459758945
50170bc4-8285-498b-a491-243529b99647,2026-08-19T21:38:13.462207+00:00,send,1254.83,fraud_demo_033,fraud_demo_027,False,0.012478899846394265,0,0,1.241120582050668
2498a839-d62f-4fd7-8179-92670fa50a1c,2026-08-19T21:59:13.462207+00:00,send,321.49,fraud_demo_034,fraud_demo_011,False,0.0031449278708166276,0,0,0.35858902263326675
f9b7bb19-cc98-4fe6-a046-4227f9f26eab,2026-08-19T22:15:13.462207+00:00,send,1554.58,fraud_demo_035,fraud_demo_004,False,0.015221467068295585,0,0,1.3834200441568156
90e6ce32-d3e6-41f5-966d-33ce83eee7f9,2026-08-19T22:45:13.462207+00:00,send,532.92,fraud_demo_036,fraud_demo_004,False,0.005014675538485744,0,0,0.5514045509603259
19e4f5e4-572c-447f-b208-c3742d38676d,2026-08-19T23:17:13.462207+00:00,send,2294.16,fraud_demo_037,fraud_demo_031,False,0.020552097995315804,0,0,2.3458900024063976
e86047b2-9df2-42dd-b9bd-eb950e16172b,2026-08-19T23:39:13.462207+00:00,send,610.79,fraud_demo_038,fraud_demo_015,False,0.004926145323343666,0,0,0.7805400229258633
72fe2cde-e395-4425-a221-1fc279ccbe16,2026-08-20T00:04:13.462207+00:00,send,772.63,fraud_demo_039,fraud_demo_017,False,0.008660297496457438,0,0,0.6655481787291274
bb28e107-fe2f-4bdc-830f-f34319469a69,2026-08-20T00:23:13.462207+00:00,send,399.20,fraud_demo_040,fraud_demo_003,False,0.00465643510700119,0,0,0.35088767902567136
28d80b1f-9e3c-4b20-a66e-d6ed88f29c01,2026-08-20T00:44:13.462207+00:00,send,1211.51,fraud_demo_001,fraud_demo_029,False,0.012451874646887176,0,0,1.321068327123738
e46cff8b-7dd2-4f5c-a214-1205549ddf43,2026-08-20T01:08:13.462207+00:00,send,300.00,fraud_demo_002,fraud_demo_023,False,0.0033686200021469347,0,0,0.2961952289636893
bac6b0f6-9e06-48af-812a-cd01f0d8c918,2026-08-20T01:31:13.462207+00:00,send,570.93,fraud_demo_003,fraud_demo_039,False,0.006437618704623881,0,0,0.5471604668051042
92121701-de52-4c21-891a-25f9f275b106,2026-08-20T01:53:13.462207+00:00,send,1527.93,fraud_demo_004,fraud_demo_039,False,0.015283450985287609,0,0,1.4596179944802663
f80a182b-4cf9-46d7-934f-76b14a29bf5d,2026-08-20T02:14:13.462207+00:00,send,1029.99,fraud_demo_005,fraud_demo_022,False,0.010607660040762646,0,0,1.0719276117872225
234d875b-0f8d-4f53-88c5-635dcab18605,2026-08-20T02:50:13.462207+00:00,send,752.65,fraud_demo_006,fraud_demo_001,False,0.006518424932366958,0,0,0.819026841455859
aeade5eb-a2d1-4cbc-b813-bcdb9d0cd60b,2026-08-20T03:06:13.462207+00:00,send,620.55,fraud_demo_007,fraud_demo_024,False,0.005769920078401362,0,0,0.692183638141137
ee54db3d-d1e1-49de-9598-07b62287d98c,2026-08-20T03:27:13.462207+00:00,send,1402.91,fraud_demo_008,fraud_demo_003,False,0.014511686121986663,0,0,1.2700341146628806
5c528c20-78ee-452c-991e-2d56b5615cda,2026-08-20T04:06:13.462207+00:00,send,1321.51,fraud_demo_009,fraud_demo_006,False,0.011699942266556046,0,0,1.3406808715071512
d3f264b2-ba6c-439c-bb84-9a1aa0d61384,2026-08-20T04:14:13.462207+00:00,send,580.20,fraud_demo_010,fraud_demo_013,False,0.005641296389745322,0,0,0.5613929732085003
35f4f5ef-8ab2-4890-8c3d-a60d197223ca,2026-08-20T04:49:13.462207+00:00,send,1558.01,fraud_demo_011,fraud_demo_031,False,0.016276634143207343,0,0,1.520664443417339
11529b47-678d-4935-8b64-c244ad7d94e8,2026-08-20T05:08:13.462207+00:00,send,316.01,fraud_demo_012,fraud_demo_022,False,0.003288106649485812,0,0,0.2733355338621485
39b7b807-a839-43b5-a08c-fb5eb9cb73fd,2026-08-20T05:25:13.462207+00:00,send,760.74,fraud_demo_013,fraud_demo_004,False,0.00713164710824432,0,0,0.8064183996402687
378f743f-9787-4e93-9ec7-e13314d92eda,2026-08-20T06:02:13.462207+00:00,send,1611.00,fraud_demo_014,fraud_demo_018,False,0.01879155049771365,0,0,1.4126566294812197
a4314360-88c6-4fae-b9ab-cd940039c420,2026-08-20T06:24:13.462207+00:00,send,804.83,fraud_demo_015,fraud_demo_005,False,0.0075455455798936,0,0,0.9066038904810649
d596c6fd-54e9-412c-a8ff-cba41492d092,2026-08-20T06:53:13.462207+00:00,send,1047.29,fraud_demo_016,fraud_demo_012,False,0.01006876688298746,0,0,1.0787164911168503
7f3874f3-4d9d-4625-ac54-bd746c9d3184,2026-08-20T07:14:13.462207+00:00,send,426.24,fraud_demo_017,fraud_demo_029,False,0.00453775602726614,0,0,0.4168778645004337
bf6b7539-784f-4bdc-91c3-264219142319,2026-08-20T07:38:13.462207+00:00,send,982.23,fraud_demo_018,fraud_demo_017,False,0.009056386036995063,0,0,0.9849691674815673
9597ee4f-a21c-4576-b83f-18852eb2d7fd,2026-08-20T07:48:13.462207+00:00,send,1393.47,fraud_demo_019,fraud_demo_002,False,0.013805219466105445,0,0,1.3514533163933315
4d52fb6f-c6dc-47bb-9159-72d5d371acba,2026-08-20T08:22:13.462207+00:00,send,1109.56,fraud_demo_020,fraud_demo_003,False,0.010919395892364101,0,0,1.2233905732049113
0f60ad7c-edcd-4da6-8306-aea268df90f0,2026-08-20T08:51:13.462207+00:00,send,1038.28,fraud_demo_021,fraud_demo_027,False,0.010623316126428795,0,0,0.8998069646483918
ee0ae9b3-fd9d-4a20-b079-95cd2059b764,2026-08-20T09:02:13.462207+00:00,send,609.80,fraud_demo_022,fraud_demo_032,False,0.005919248175885343,0,0,0.47655721583172894
449cc2d0-6145-489d-9905-838bfcfdf3da,2026-08-20T09:39:13.462207+00:00,send,589.80,fraud_demo_023,fraud_demo_036,False,0.006145716629321378,0,0,0.5717155312018946
78f6e193-c42b-4d01-9180-5e9caba4b0ae,2026-08-20T09:59:13.462207+00:00,send,2384.50,fraud_demo_024,fraud_demo_008,False,0.023772128916020832,0,0,2.3883699297280723
fb46807d-32d2-4291-a094-dd76ca283425,2026-08-20T10:14:13.462207+00:00,send,1195.41,fraud_demo_025,fraud_demo_022,False,0.012276015173496102,0,0,1.091906106772387
5a2efecf-c9c7-48cc-9953-22258acc2544,2026-08-20T10:38:13.462207+00:00,send,2071.71,fraud_demo_026,fraud_demo_024,False,0.022701434675093377,0,0,1.8694641334121218
11fe64bc-9e0c-41df-ab17-93badd8f8b04,2026-08-20T11:06:13.462207+00:00,send,1269.15,fraud_demo_027,fraud_demo_031,False,0.013748758939293245,0,0,1.1948652287298647
e8e01dea-2a59-41cf-a2d0-0ad3e64db01d,2026-08-20T11:30:13.462207+00:00,send,4368.45,fraud_demo_028,fraud_demo_012,False,0.04375047133572713,0,0,4.577554150212057
036c93c0-167b-42bb-9795-1bfc98432d67,2026-08-20T11:50:13.462207+00:00,send,1088.27,fraud_demo_029,fraud_demo_020,False,0.011822496235230164,0,0,1.1175905282790104
76e48a4d-5a1e-4b41-8f3b-96099f81eef2,2026-08-20T12:18:13.462207+00:00,send,1162.31,fraud_demo_030,fraud_demo_029,False,0.01275596769584187,0,0,0.9632103760095145
5af5023f-2bfe-4243-8e84-0dbb6eb2d2b9,2026-08-20T12:51:13.462207+00:00,send,1494.20,fraud_demo_031,fraud_demo_002,False,0.013020777734836075,0,0,1.5366175849067119
cfdbfc2c-f6b1-427e-98b8-1dea90388649,2026-08-20T13:09:13.462207+00:00,send,365.97,fraud_demo_032,fraud_demo_025,False,0.003228134563912072,0,0,0.3322115224124997
cde13127-f289-458f-938a-8955b978e1b2,2026-08-20T13:38:13.462207+00:00,send,1089.21,fraud_demo_033,fraud_demo_032,False,0.010968737471842016,0,0,1.068995298897842
20a40acb-7438-49bb-bc65-eec941023895,2026-08-20T14:05:13.462207+00:00,send,1201.68,fraud_demo_034,fraud_demo_002,False,0.011792341042887374,0,0,1.3686691106609146
c60584d6-14a1-447c-ad83-12fa3c25bad0,2026-08-20T14:14:13.462207+00:00,send,1207.77,fraud_demo_035,fraud_demo_010,False,0.012008509370707856,0,0,1.0616629213483146
742bdb56-0761-4a32-af22-e99ba8ecbaa4,2026-08-20T14:36:13.462207+00:00,send,1386.69,fraud_demo_036,fraud_demo_003,False,0.013041508164849919,0,0,1.455855339002223
ca0be87d-e511-4db5-99b4-d263341163df,2026-08-20T15:07:13.462207+00:00,send,2457.04,fraud_demo_037,fraud_demo_031,False,0.022473118672964275,0,0,2.4079017166456653
aef2e5ff-939b-411f-bcd6-5551196f4407,2026-08-20T15:42:13.462207+00:00,send,337.86,fraud_demo_038,fraud_demo_009,False,0.0027383992287158274,0,0,0.43483600329811856
19febf9a-fe28-48f9-9f60-1acd451125a3,2026-08-20T16:03:13.462207+00:00,send,1255.81,fraud_demo_039,fraud_demo_005,False,0.013870007105036247,0,0,1.093560539346017
de025c81-8468-4e32-baa6-a3809d2c6624,2026-08-20T16:18:13.462207+00:00,send,1289.70,fraud_demo_040,fraud_demo_039,False,0.01511397533528602,0,0,1.1578614170145307
e6fd6693-b546-4c62-b67d-7de802d573b5,2026-08-20T16:48:13.462207+00:00,send,352.40,fraud_demo_001,fraud_demo_029,False,0.0036391225501368127,0,0,0.38045075290235053
d05db057-6ab6-42a2-a07f-3aa34899e79d,2026-08-20T17:17:13.462207+00:00,send,289.29,fraud_demo_002,fraud_demo_022,False,0.003115784866197026,0,0,0.29204425107916193
7d343e2d-7c15-415c-8de7-d266eb4505f5,2026-08-20T17:29:13.462207+00:00,send,372.44,fraud_demo_003,fraud_demo_010,False,0.004047611931782676,0,0,0.36205776723833616
49e685ae-e4fc-44c5-a874-1e60a39ea711,2026-08-20T18:06:13.462207+00:00,send,982.18,fraud_demo_004,fraud_demo_025,False,0.00990044417833057,0,0,0.9249822756974427
d1ca46fd-7b12-42cd-9600-534378f6767f,2026-08-20T18:17:13.462207+00:00,send,1096.56,fraud_demo_005,fraud_demo_003,False,0.011174638372719273,0,0,1.1386487268781418
53947d60-25fa-457a-9905-bdbf25cdf571,2026-08-20T18:45:13.462207+00:00,send,1451.20,fraud_demo_006,fraud_demo_002,False,0.012506693088836908,0,0,1.5881642801202451
035316ac-e5a6-485b-865b-5030ba15f3a3,2026-08-20T19:15:13.462207+00:00,send,2162.02,fraud_demo_007,fraud_demo_028,False,0.0202192865145527,0,0,2.435017411424175
378342aa-3f1b-4b6a-998d-761688144de6,2026-08-20T19:40:13.462207+00:00,send,415.81,fraud_demo_008,fraud_demo_010,False,0.0042579013761456135,0,0,0.3732768524038293
965e6e84-dc48-4566-8901-af387b5814f7,2026-08-20T19:49:13.462207+00:00,send,234.94,fraud_demo_009,fraud_demo_030,False,0.0020983065646075503,0,0,0.23583743513990582
b434e2b1-b9a6-41e7-a77e-cc6d69cc7d69,2026-08-20T20:14:13.462207+00:00,send,490.91,fraud_demo_010,fraud_demo_040,False,0.004708313048388845,0,0,0.4815982969288801
85ce60c1-8724-4f7b-b87a-34e6a3e24b29,2026-08-20T20:52:13.462207+00:00,send,676.78,fraud_demo_011,fraud_demo_021,False,0.007187351586574038,0,0,0.6499818573782845
5d9707ef-f2e4-42f7-bc74-7630f0129a35,2026-08-20T21:17:13.462207+00:00,send,2033.31,fraud_demo_012,fraud_demo_007,False,0.020090663949060294,0,0,1.799594422815874
804dbdf0-81bc-43b0-9bd7-887eb530ddf4,2026-08-20T21:30:13.462207+00:00,send,283.36,fraud_demo_013,fraud_demo_034,False,0.0026754723597626593,0,0,0.3022024150144027
85186deb-5172-4438-9f9a-d25297c0175f,2026-08-20T21:53:13.462207+00:00,send,1944.31,fraud_demo_014,fraud_demo_019,False,0.02311379756920612,0,0,1.683224063496083
25a82e15-cfd9-4317-b957-5833e45c3dcf,2026-08-20T22:18:13.462207+00:00,send,463.21,fraud_demo_015,fraud_demo_003,False,0.004375763404028603,0,0,0.523312063412936
3e841240-7a08-445a-b2e4-6d63544e93af,2026-08-20T22:50:13.462207+00:00,send,486.78,fraud_demo_016,fraud_demo_029,False,0.004727559775787137,0,0,0.5001566906925728
69222d05-7d64-4275-bddc-886b16f86024,2026-08-20T23:00:13.462207+00:00,send,936.24,fraud_demo_017,fraud_demo_003,False,0.009908572401031754,0,0,0.9326716565340791
a95d3592-03fd-4842-aa54-ced2e59dd97d,2026-08-20T23:31:13.462207+00:00,send,911.54,fraud_demo_018,fraud_demo_033,False,0.008481419017307661,0,0,0.9145115911013348
6ddaea19-f329-4c7c-b5eb-edeceb4a2d28,2026-08-20T23:54:13.462207+00:00,send,1022.26,fraud_demo_019,fraud_demo_030,False,0.010072643519601921,0,0,0.9806656781762051
ca3a4872-687b-4572-913b-43072bbd1d99,2026-08-21T00:19:13.462207+00:00,send,674.37,fraud_demo_020,fraud_demo_022,False,0.006637997196443554,0,0,0.7383993791650756
9501bd9d-f093-4185-9852-2502315fa676,2026-08-21T00:42:13.462207+00:00,send,588.59,fraud_demo_021,fraud_demo_007,False,0.006044603482268347,0,0,0.5116932222697047
9639cab8-1e88-4c8d-9f24-347a0aff3df9,2026-08-21T01:13:13.462207+00:00,send,977.41,fraud_demo_022,fraud_demo_026,False,0.009347024183336742,0,0,0.7765459541284243
1d714fa5-5da2-4888-ac81-2a99e0338ef3,2026-08-21T01:29:13.462207+00:00,send,452.28,fraud_demo_023,fraud_demo_010,False,0.004741900459092455,0,0,0.4443594319871515
6b185420-47e7-410e-8032-68694a77f00a,2026-08-21T01:54:13.462207+00:00,send,720.44,fraud_demo_024,fraud_demo_026,False,0.007204850303143947,0,0,0.6916029659566567
5a050cb3-bac2-4591-a761-c49c8a527f04,2026-08-21T02:13:13.462207+00:00,send,286.35,fraud_demo_025,fraud_demo_023,False,0.0029360067416907723,0,0,0.26080749223827887
2142c10a-cd5a-42a3-8785-310db59e2343,2026-08-21T02:46:13.462207+00:00,send,856.49,fraud_demo_026,fraud_demo_018,False,0.009423873850430756,0,0,0.7524329856547942
94588d73-b202-4b87-8e46-06953eb18b33,2026-08-21T03:05:13.462207+00:00,send,2252.60,fraud_demo_027,fraud_demo_015,False,0.02474269834470184,0,0,2.1079165596866574
5623a53f-2717-4a12-8e24-e47661dc177e,2026-08-21T03:42:13.462207+00:00,send,85.85,fraud_demo_028,fraud_demo_038,False,0.0008792252740038738,0,0,0.08091337391568657
12655d9f-2ba7-4565-ba0d-f24b325668d7,2026-08-21T04:01:13.462207+00:00,send,1395.64,fraud_demo_029,fraud_demo_032,False,0.015012693085495464,0,0,1.427994335406237
0d7abae2-72fa-48c8-861a-7e99240335a3,2026-08-21T04:19:13.462207+00:00,send,589.60,fraud_demo_030,fraud_demo_016,False,0.00646393347673998,0,0,0.48916597139652596
fdd9978b-94ec-4a6d-a6dc-a7cdc7a406fe,2026-08-21T04:37:13.462207+00:00,send,1711.96,fraud_demo_031,fraud_demo_039,False,0.014794255235728897,0,0,1.7315229628749313
1e0300e9-0f26-4122-8124-19ec4b252a14,2026-08-21T05:12:13.462207+00:00,send,904.09,fraud_demo_032,fraud_demo_003,False,0.007828448659840661,0,0,0.8381848360084609
926d2f0f-e2c0-43d2-8e06-140b4b456f03,2026-08-21T05:27:13.462207+00:00,send,2352.78,fraud_demo_033,fraud_demo_031,False,0.02373581115463477,0,0,2.304146664373404
748a9fb7-6807-4ce5-806b-3dcd2b8f0644,2026-08-21T05:48:13.462207+00:00,send,893.50,fraud_demo_034,fraud_demo_029,False,0.008847839052707872,0,0,1.0060726080968576
e1555eff-95c1-4119-86a9-a756eb730735,2026-08-21T06:14:13.462207+00:00,send,519.66,fraud_demo_035,fraud_demo_027,False,0.005229629818973656,0,0,0.45591684163138585
a2185333-50d1-4cd7-97dd-6eeb50e2b4db,2026-08-21T06:50:13.462207+00:00,send,873.54,fraud_demo_036,fraud_demo_002,False,0.008324005188757592,0,0,0.9042292584605063
87dcd80e-20de-4c0f-aef2-8858dee44163,2026-08-21T07:12:13.462207+00:00,send,744.90,fraud_demo_037,fraud_demo_038,False,0.006969801084178802,0,0,0.6992384200957124
7f5c42e7-72bf-4e38-917c-6ffbaced13e5,2026-08-21T07:38:13.462207+00:00,send,1386.32,fraud_demo_038,fraud_demo_012,False,0.011191594130500032,0,0,1.8163142310614993
161dbc24-d491-443f-a970-a254c074f746,2026-08-21T07:49:13.462207+00:00,send,1566.31,fraud_demo_039,fraud_demo_001,False,0.016972115111013153,0,0,1.3599680045323295
87c86c75-5186-4fda-a4ee-f67636650f19,2026-08-21T08:29:13.462207+00:00,send,815.87,fraud_demo_040,fraud_demo_019,False,0.00965151645816187,0,0,0.7288726692849812
01ade1ab-44c4-4221-9402-7c82ede7490c,2026-08-21T08:38:13.462207+00:00,send,3323.33,fraud_demo_001,fraud_demo_038,False,0.033894085533935386,0,0,3.6565125297444108
e890f31d-4aeb-420e-b144-b585d55cb319,2026-08-21T09:11:13.462207+00:00,send,1136.09,fraud_demo_002,fraud_demo_023,False,0.011973709671503694,0,0,1.1720506447831183
a210ce4e-9c5d-4f04-9c77-afed9cea6bf6,2026-08-21T09:25:13.462207+00:00,send,503.41,fraud_demo_003,fraud_demo_005,False,0.005296688078511477,0,0,0.4990237326096739
ec28de74-0cf8-4a4d-9af7-e490c84c9d84,2026-08-21T09:50:13.462207+00:00,send,627.53,fraud_demo_004,fraud_demo_025,False,0.006388798929624458,0,0,0.5923320161494467
611f8144-5cd7-4e47-9132-7e4842afa0cf,2026-08-21T10:22:13.462207+00:00,send,1150.97,fraud_demo_005,fraud_demo_037,False,0.011800439221540312,0,0,1.1901467456629937
918764a4-76a5-4dbb-aa24-75f1a564ecee,2026-08-21T10:54:13.462207+00:00,send,998.80,fraud_demo_006,fraud_demo_017,False,0.00871685046263977,0,0,1.0739260055715751
1988e176-6d1a-4dbc-9a3d-35454ab8cead,2026-08-21T11:10:13.462207+00:00,send,2438.21,fraud_demo_007,fraud_demo_015,False,0.022704576878264784,0,0,2.631643793500445
3d085f92-ee97-41d5-9c29-91e6a84cec59,2026-08-21T11:37:13.462207+00:00,send,1912.80,fraud_demo_008,fraud_demo_024,False,0.01967086067625473,0,0,1.7503825349966142
5bf496f9-2439-4135-a9c1-ab309058778c,2026-08-21T12:02:13.462207+00:00,send,459.31,fraud_demo_009,fraud_demo_019,False,0.004110835669140513,0,0,0.4719942005102579
43378563-23c4-44fd-b6b2-56fe739c103e,2026-08-21T12:27:13.462207+00:00,send,905.08,fraud_demo_010,fraud_demo_033,False,0.008683830860067488,0,0,0.9020831703646341
ee51b786-cf85-4eda-869b-6f8f82921d80,2026-08-21T12:45:13.462207+00:00,send,1287.10,fraud_demo_011,fraud_demo_036,False,0.013767857513425024,0,0,1.2493870622256487
b2f2616e-0d01-47ad-842c-0a6d042ba83f,2026-08-21T13:02:13.462207+00:00,send,1588.17,fraud_demo_012,fraud_demo_030,False,0.015793301731548175,0,0,1.3723676778690514
40dfacda-c1ca-44a6-ba27-911c57047353,2026-08-21T13:26:13.462207+00:00,send,1775.94,fraud_demo_013,fraud_demo_014,False,0.016813329103350674,0,0,1.9349488166163995
b2745104-7672-43c4-b37b-f1a3199730a8,2026-08-21T13:50:13.462207+00:00,send,1521.78,fraud_demo_014,fraud_demo_027,False,0.01812707822988864,0,0,1.290709715391624
58a1ab59-c463-45e1-845b-58c609f33502,2026-08-21T14:16:13.462207+00:00,send,628.78,fraud_demo_015,fraud_demo_007,False,0.005711731859814674,0,0,0.7207766561310378
7ec333b6-49c6-4325-954a-a886583afc51,2026-08-21T14:36:13.462207+00:00,send,593.23,fraud_demo_016,fraud_demo_033,False,0.005755644311407685,0,0,0.6189063619354973
f50f7597-a685-417f-9e32-ff5b63e250b5,2026-08-21T15:04:13.462207+00:00,send,700.67,fraud_demo_017,fraud_demo_020,False,0.007410541928731375,0,0,0.6994265044540509
83b7b30b-bc7d-481d-8bb8-d4a455397a48,2026-08-21T15:24:13.462207+00:00,send,692.23,fraud_demo_018,fraud_demo_032,False,0.00644415107853862,0,0,0.6962904281817972
d35c7ae1-bfa9-4641-9c83-54ca379ba984,2026-08-21T16:06:13.462207+00:00,send,923.23,fraud_demo_019,fraud_demo_020,False,0.0090742563985828,0,0,0.8861842748240814
8d5639f2-381d-4058-b8d6-de49c9faba76,2026-08-21T16:27:13.462207+00:00,send,1789.00,fraud_demo_020,fraud_demo_023,False,0.017446523334066696,0,0,1.9745126428408741
751b228e-9206-4f36-90d5-8adc97305b89,2026-08-21T16:53:13.462207+00:00,send,1252.73,fraud_demo_021,fraud_demo_039,False,0.012943314969426833,0,0,1.1054233007964165
86aacb89-efe7-4ef5-a458-d54215f3914b,2026-08-21T17:09:13.462207+00:00,send,819.29,fraud_demo_022,fraud_demo_030,False,0.007908838256346792,0,0,0.6553582821229321
0e499005-56cc-4298-92a1-c96727e565f2,2026-08-21T17:35:13.462207+00:00,send,1277.92,fraud_demo_023,fraud_demo_011,False,0.013021578452686925,0,0,1.2770427103562494
a78c4918-d915-4217-9ac0-855ab46b546d,2026-08-21T17:53:13.462207+00:00,send,695.95,fraud_demo_024,fraud_demo_019,False,0.006877920299535184,0,0,0.6743957003304389
964f5b52-2c74-4549-a86d-83fd166ef0b4,2026-08-21T18:17:13.462207+00:00,send,1187.51,fraud_demo_025,fraud_demo_011,False,0.012133344899506607,0,0,1.1063660933515265
b70da58b-d980-4b9d-8876-044b74ac4048,2026-08-21T18:46:13.462207+00:00,send,625.19,fraud_demo_026,fraud_demo_010,False,0.006944345710431702,0,0,0.5533856911799023
ba1b245e-ba87-4950-b037-f7b33ce6eaab,2026-08-21T19:05:13.462207+00:00,send,557.50,fraud_demo_027,fraud_demo_038,False,0.006137850732754788,0,0,0.5047460809645911
4fec18a3-bbd7-4eff-895e-f02f8f61ac1a,2026-08-21T19:34:13.462207+00:00,send,954.40,fraud_demo_028,fraud_demo_014,False,0.0097830056767879,0,0,0.9252895495973495
7a0ce192-bc4e-4425-8a7c-37aa146781eb,2026-08-21T19:53:13.462207+00:00,send,491.65,fraud_demo_029,fraud_demo_023,False,0.005317327598644458,0,0,0.49660688918878465
0b4c4727-f6c2-4614-801c-15542756511a,2026-08-21T20:16:13.462207+00:00,send,750.03,fraud_demo_030,fraud_demo_036,False,0.008062093263509082,0,0,0.6320519492723905
e38ff67e-608e-4f4e-a213-c5b8c4be8fb7,2026-08-21T20:52:13.462207+00:00,send,2386.11,fraud_demo_031,fraud_demo_030,False,0.02050650097444361,0,0,2.3610386315974434
82adf66d-ac7e-4de2-88cd-59d129c551ea,2026-08-21T21:09:13.462207+00:00,send,1093.59,fraud_demo_032,fraud_demo_022,False,0.009486718386063348,0,0,1.0188669177475
8f8e0e44-6fdd-4e63-b6c7-529c812b17fb,2026-08-21T21:38:13.462207+00:00,send,1969.75,fraud_demo_033,fraud_demo_038,False,0.020044435095971615,0,0,1.8556976950000288
f8549803-063c-464e-afb8-7410b444e1f8,2026-08-21T21:49:13.462207+00:00,send,1745.91,fraud_demo_034,fraud_demo_022,False,0.017443120357440556,0,0,1.9655165708499869
34c2e676-1f96-493d-89f1-54836c029ba0,2026-08-21T22:12:13.462207+00:00,send,1085.92,fraud_demo_035,fraud_demo_009,False,0.01098567255529281,0,0,0.9686887057464951
f1fa7335-bb0f-48a7-9c00-164657d3e07b,2026-08-21T22:47:13.462207+00:00,send,1035.07,fraud_demo_036,fraud_demo_026,False,0.00975506913567262,0,0,1.0745526460583368
08fee445-3a58-4827-9db0-a928228e3f0a,2026-08-21T23:06:13.462207+00:00,send,591.05,fraud_demo_037,fraud_demo_006,False,0.00550934117861777,0,0,0.5599223874221463
55ba086f-f31f-4d7d-823d-185f0ffc3025,2026-08-21T23:32:13.462207+00:00,send,1006.30,fraud_demo_038,fraud_demo_039,False,0.00784114798832438,0,0,1.2865973102565453
0da8d7f0-1207-4439-b7a3-539640c3a657,2026-08-21T23:50:13.462207+00:00,send,767.63,fraud_demo_039,fraud_demo_013,False,0.00825586325142251,0,0,0.6593123699134313
6b69e4a0-5de6-415e-a7a4-219ceb727856,2026-08-22T00:28:13.462207+00:00,send,738.41,fraud_demo_040,fraud_demo_033,False,0.008820315501183982,0,0,0.665137087539767
a970f344-40ad-4fa3-9f82-514866518bf3,2026-08-22T00:40:13.462207+00:00,send,1641.18,fraud_demo_001,fraud_demo_005,False,0.017325346461007838,0,0,1.6748564368976684
e136381b-aa3d-44ec-a624-430524555266,2026-08-22T01:09:13.462207+00:00,send,737.94,fraud_demo_002,fraud_demo_029,False,0.007871700057442485,0,0,0.7574649970006272
126962a9-fffb-4e1f-8fa4-a9330dcf2a3c,2026-08-22T01:37:13.462207+00:00,send,1321.90,fraud_demo_003,fraud_demo_024,False,0.013982589195993187,0,0,1.329978839107082
5b2a7092-92da-47b6-8c81-5dd960260476,2026-08-22T02:01:13.462207+00:00,send,321.74,fraud_demo_004,fraud_demo_030,False,0.0032966535288250724,0,0,0.30737924182207277
c1ab0a84-bf3e-4990-9a93-217e35099764,2026-08-22T02:14:13.462207+00:00,send,393.94,fraud_demo_005,fraud_demo_028,False,0.0040187129162436944,0,0,0.4050834893658461
92e48d3a-f2ad-4f22-878e-4c741c803a8c,2026-08-22T02:52:13.462207+00:00,send,531.24,fraud_demo_006,fraud_demo_011,False,0.004652860715820954,0,0,0.5699586308744317
c27ac747-6aae-4b2c-8a66-0d32f300cb1c,2026-08-22T03:13:13.462207+00:00,send,1170.40,fraud_demo_007,fraud_demo_023,False,0.01108553259382425,0,0,1.2054060554436623
8fc7af83-6fff-4ab8-a343-4b4ecd663408,2026-08-22T03:42:13.462207+00:00,send,748.75,fraud_demo_008,fraud_demo_019,False,0.007854503234534259,0,0,0.6703777183115355
4920d979-2d35-4288-8628-c56b150f8f13,2026-08-22T03:57:13.462207+00:00,send,607.92,fraud_demo_009,fraud_demo_010,False,0.0054105554425735915,0,0,0.6345626737663205
623a086c-c55c-4edc-9144-f2f60c4f3319,2026-08-22T04:26:13.462207+00:00,send,590.04,fraud_demo_010,fraud_demo_039,False,0.0056434039010684585,0,0,0.5897848313273875
3ccfdfb7-e210-4ece-bb98-d79844e150da,2026-08-22T04:45:13.462207+00:00,send,1632.57,fraud_demo_011,fraud_demo_016,False,0.017149667793926664,0,0,1.5731952960062308
4edece4d-947e-4258-a85d-3923d483439f,2026-08-22T05:08:13.462207+00:00,send,1033.40,fraud_demo_012,fraud_demo_028,False,0.010441384418047407,0,0,0.883306483889328
4c08a364-5835-46d3-ac06-6afe32bf607f,2026-08-22T05:42:13.462207+00:00,send,1560.99,fraud_demo_013,fraud_demo_033,False,0.01492076934694215,0,0,1.6552367461543427
54d60f7f-67f7-4f2a-8764-0d4ffdec504f,2026-08-22T06:03:13.462207+00:00,send,2285.32,fraud_demo_014,fraud_demo_029,False,0.027407416379808584,0,0,1.9218795719871788
d790bb7f-23d8-4a13-9ab5-3c36ae3ae176,2026-08-22T06:12:13.462207+00:00,send,573.63,fraud_demo_015,fraud_demo_008,False,0.005240691954423715,0,0,0.6630025485428229
a82da9e5-4fd9-424c-bfc8-ae13902d1e26,2026-08-22T06:40:13.462207+00:00,send,221.80,fraud_demo_016,fraud_demo_018,False,0.0021304676078633257,0,0,0.23402309508670044
23738bd9-3055-4a05-8532-4ac4297de2f3,2026-08-22T07:13:13.462207+00:00,send,580.11,fraud_demo_017,fraud_demo_024,False,0.006181261818755657,0,0,0.5842454265989798
0bcca057-bb82-4828-92c6-2af77309b2e7,2026-08-22T07:26:13.462207+00:00,send,492.19,fraud_demo_018,fraud_demo_024,False,0.004602080272308059,0,0,0.49953925084306494
0b0fd148-8143-4ad7-8785-f773c6d2dac3,2026-08-22T07:51:13.462207+00:00,send,412.95,fraud_demo_019,fraud_demo_034,False,0.004038111874914068,0,0,0.39771122646252766
1e0b2de3-0f4a-4231-89e1-69df76639732,2026-08-22T08:22:13.462207+00:00,send,1513.83,fraud_demo_020,fraud_demo_040,False,0.015025172471428126,0,0,1.6242539492996362
65af6373-bb30-47b3-90f5-095a5032038f,2026-08-22T08:47:13.462207+00:00,send,439.68,fraud_demo_021,fraud_demo_020,False,0.004602381958763209,0,0,0.38677938693798875
4882afc3-be7a-4d7f-80dd-6ad5eb61688b,2026-08-22T09:04:13.462207+00:00,send,943.97,fraud_demo_022,fraud_demo_007,False,0.00893810177280195,0,0,0.7628234395978698
b3cabcf2-1ac7-4cef-a99f-ad5cadb1d2f7,2026-08-22T09:39:13.462207+00:00,send,557.41,fraud_demo_023,fraud_demo_001,False,0.005657676900476911,0,0,0.5525251897999423
748bd968-4445-4196-8f00-ad7be379a9aa,2026-08-22T09:51:13.462207+00:00,send,165.85,fraud_demo_024,fraud_demo_028,False,0.0016120040013856334,0,0,0.1622674216835018
ab31224d-196c-4a61-9636-33541106af23,2026-08-22T10:18:13.462207+00:00,send,590.83,fraud_demo_025,fraud_demo_014,False,0.006110932407707161,0,0,0.5487412252354825
77ef28d2-e576-463e-9f38-333a2878d790,2026-08-22T10:52:13.462207+00:00,send,1693.99,fraud_demo_026,fraud_demo_037,False,0.01873084610407158,0,0,1.5193901721287493
f575a95f-8384-4258-be1a-f97ad9af7fa1,2026-08-22T11:03:13.462207+00:00,send,1760.89,fraud_demo_027,fraud_demo_036,False,0.019506418023505324,0,0,1.617830047245729
842765aa-e7c6-47c0-b47b-9e4f33146ee5,2026-08-22T11:28:13.462207+00:00,send,862.33,fraud_demo_028,fraud_demo_027,False,0.00878174731037157,0,0,0.8378689100355762
1fb4a165-08c3-4f16-a001-0411e005de11,2026-08-22T11:59:13.462207+00:00,send,872.99,fraud_demo_029,fraud_demo_002,False,0.009190000112639322,0,0,0.8950433414369225
2195a406-6407-460b-bcc1-63080d2feede,2026-08-22T12:22:13.462207+00:00,send,1325.74,fraud_demo_030,fraud_demo_009,False,0.013956701946710105,0,0,1.1294267042881982
95a5779f-6d0c-4f1e-81ae-260d9ad7252d,2026-08-22T12:40:13.462207+00:00,send,1315.12,fraud_demo_031,fraud_demo_012,False,0.0115389137389162,0,0,1.251214933290949
052c8726-1046-419f-abaa-18008d26e7d1,2026-08-22T13:02:13.462207+00:00,send,713.40,fraud_demo_032,fraud_demo_015,False,0.006247903024557831,0,0,0.6642860135855522
92277d98-159b-49ff-b3bc-0869bf20baa0,2026-08-22T13:26:13.462207+00:00,send,2066.59,fraud_demo_033,fraud_demo_028,False,0.020959581463550994,0,0,1.8991338709306869
a5b2a192-2329-4ce4-ad40-89f68c09ba15,2026-08-22T13:49:13.462207+00:00,send,2612.51,fraud_demo_034,fraud_demo_002,False,0.02645348027742381,0,0,2.859906184489242
a78b9fe7-4243-42a3-9cf1-8dab0898a333,2026-08-22T14:15:13.462207+00:00,send,910.07,fraud_demo_035,fraud_demo_013,False,0.009308957197740697,0,0,0.8125710354100358
a5b46ce2-16fc-4d84-9dba-db4f439f0c69,2026-08-22T14:36:13.462207+00:00,send,484.41,fraud_demo_036,fraud_demo_017,False,0.004534329142816065,0,0,0.5017874911569915
716056f9-6796-4ee6-86e5-2d18b04b547e,2026-08-22T15:02:13.462207+00:00,send,567.56,fraud_demo_037,fraud_demo_007,False,0.005236548406379995,0,0,0.5447200485750281
4f88e911-d362-4000-bf57-d61b9269d806,2026-08-22T15:29:13.462207+00:00,send,1718.67,fraud_demo_038,fraud_demo_010,False,0.013497814724788837,0,0,2.1790248999326547
726bfc3c-e6a0-42e3-bbad-2130c514f994,2026-08-22T16:04:13.462207+00:00,send,1780.31,fraud_demo_039,fraud_demo_033,False,0.01918388093237685,0,0,1.544573550440989
eeabf09d-1aa7-4df6-97e0-d11431c07957,2026-08-22T16:18:13.462207+00:00,send,1521.07,fraud_demo_040,fraud_demo_037,False,0.018002451818732043,0,0,1.3837617622631493
9d162e9b-782d-4abd-8efc-d2d6f739aa1e,2026-08-29T07:15:44.418914+00:00,send,500.00,nafis,foyez,False,0.005,0,0,1.0
b84b8310-6602-40f2-96ff-1ea08f3d0449,2026-08-29T07:17:39.668984+00:00,send,99500.00,nafis,foyez,False,1.0,1,0,199.0
ba670123-1612-42df-8733-573e42f0dfe2,2026-08-29T07:18:07.895439+00:00,send,100000.00,foyez,nafis,False,0.5,0,1,1.0
fda7e03b-b246-48db-a100-0e030f228c5a,2026-08-29T07:23:40.720015+00:00,send,1000.00,foyez,nafis,False,0.01,0,1,0.01
